114,113,similarity
100,4835,0.863341613848492
1000,1000,0.8914109177608982
1000,870,0.6873241574285268
1001,1569,0.9551649856977229
1001,243,0.5280785138542232
1001,259,0.95770243975985
1002,2994,0.7461910882434122
1002,3856,0.5623555301771771
1002,5239,0.5199375727686313
1002,5637,0.614683960324427
1002,5785,0.6840983688101296
1003,3154,0.6063858860059502
1004,4913,0.9457573461361928
1004,5,0.5233752074122059
1004,521,0.8008036115618465
1005,4648,0.9715548851401091
1006,5458,0.9879698880423006
1007,1413,0.9656476793508845
1008,4271,0.9236451580885299
1008,5424,0.6463523317501043
1009,3333,0.8635166903335212
101,100,0.5444196107698177
101,101,0.9974620666425854
101,4917,0.575621555674054
1010,3364,0.903316486361915
1011,3595,0.763817570804
1013,1635,0.5261869188105005
1013,3483,0.584751931214679
1013,4498,0.620183034163589
1013,499,0.9969301045958967
1013,501,0.6159845890403655
1013,689,0.6770017514257014
1014,1635,0.5251165971230752
1014,3483,0.5692210200521888
1014,4498,0.6046020634894806
1014,499,0.6204670122569341
1014,501,0.9972656424354742
1014,689,0.652577432558125
1014,710,0.5044577043695737
1015,1622,0.5878060350372628
1015,2882,0.5793343018541001
1015,4281,0.9147251607588915
1016,4374,0.9447475852912838
1017,4370,0.9727619864276793
1019,1279,0.5123110804892911
1019,1812,0.8748108256401859
102,4452,0.9758376338775163
1020,1089,0.6472221190538904
1020,1090,0.5723968050118258
1020,1343,0.5722426008642393
1020,1353,0.6029743710943493
1020,1358,0.5247939011787935
1020,2159,0.5151077492761054
1020,2334,0.532665605863447
1020,2426,0.6122589842381244
1020,2587,0.5643938554139226
1020,2592,0.6106157375140413
1020,3690,0.5242176157140868
1020,4159,0.5821337065678096
1020,4828,0.637637185270324
1020,4973,0.5625471786381335
1020,5031,0.9725745676401472
1021,2828,0.5009328121425987
1021,2960,0.5771259931844792
1021,3392,0.5548518796117679
1021,5780,0.9922466284653606
1022,1584,0.5609855659738586
1023,1106,0.7703362134824207
1024,3223,0.6699416784702881
1024,3235,0.724803467867066
1024,3290,0.5988777862158929
1024,3447,0.6053281715898873
1025,1510,0.5720318238780635
1025,2404,0.501821643486517
1025,3102,0.547033322073169
1026,5420,0.6670623682930237
1027,1486,0.5246237550063956
1027,3042,0.5462857434620899
1027,5271,0.994449711510413
1027,5307,0.5404080478629176
1027,5358,0.5034130945857446
1028,3822,0.9935123635742131
1028,5428,0.9954160844789196
1029,1422,0.9795801884434812
103,3069,0.9681595320279788
1030,4012,0.723896966617252
1031,2263,0.5432952671302262
1031,2553,0.5232915214243927
1031,4271,0.6964818843777263
1031,4522,0.5597776229340407
1031,5424,0.7492043542556719
1032,3160,0.7841016557730154
1032,3224,0.8184505816824178
1032,3234,0.5710388763721727
1032,3236,0.7768734713973531
1033,5207,0.9551588981606084
1034,2099,0.9008265525677964
1034,3277,0.5242125580024496
1035,3718,0.9844175954768013
1036,2435,0.9744490527289277
1037,5095,0.5509776431394384
1039,5837,0.9905631130300154
104,1121,0.9961469044604901
104,3990,0.5024037487966531
1040,1,0.5607001235418415
1040,1040,0.9978944104604699
1040,25,0.5064938790433272
1040,766,0.5575498327383906
1041,1888,0.9765125788814438
1042,3122,0.5018104561524027
1042,4086,0.9923385948544021
1042,5168,0.5203810549191001
1043,5345,0.9932287133250461
1045,603,0.6072885687085628
1046,3751,0.7928802065087692
1047,2790,0.691999761736065
1048,4270,0.672178776829346
1049,4270,0.6087796077927969
105,1200,0.5238281522842203
105,2165,0.5128853380081339
105,2300,0.6364043038258201
105,2688,0.5038835273891876
105,2900,0.5331101134476055
105,3121,0.6067031766347419
105,3165,0.5649842124811122
105,3622,0.6025589622396491
105,4077,0.9891924130104378
1052,1215,0.526373702184967
1052,1230,0.9849946065445777
1053,3481,0.6810303646223718
1053,3990,0.5783606459284114
1053,4400,0.5575234009678461
1053,4711,0.9986221145399429
1054,1547,0.7539766037385783
1055,1798,0.6371678983910465
1055,3120,0.9854694338711254
1055,4395,0.7692836884375064
1055,5022,0.549308660806343
1055,963,0.5573470238433789
1056,1073,0.9953884516409047
1057,1663,0.9730383052955887
1058,2768,0.8511554264716779
1059,2531,0.8928539850174898
106,2710,0.9664852320646117
1060,3964,0.5250849499447924
1060,4300,0.9810325885153994
1060,5412,0.5543604258987984
1060,5781,0.5510069842888773
1061,1414,0.5485860456270395
1063,4748,0.8409144868614367
1064,1924,0.9292606673172973
1064,4207,0.6476468048413334
1064,4373,0.7403620163011702
1064,4902,0.7277928905545812
1068,1226,0.5188361032698664
1068,409,0.5186293922930073
1068,4546,0.8897683268396427
1068,5671,0.665855349410619
1069,1133,0.9824224883522139
107,53,0.9201306678064687
1070,378,0.9971165119671178
1070,5,0.5692940821043777
1071,2296,0.50015717018209
1071,379,0.9919501122665914
1071,5,0.5642175962317895
1072,1492,0.5304876470288751
1072,2470,0.5172923533006795
1072,2675,0.6917413738076297
1072,3132,0.5157970177841041
1072,3565,0.5416575717768959
1072,3874,0.550799105483306
1072,446,0.558309010903622
1072,4566,0.7311569495822804
1072,4646,0.6861909179088453
1072,4786,0.5584381018702471
1072,4861,0.5284733102662263
1072,4894,0.5695672060993472
1072,5799,0.9964844873376647
1072,597,0.529846153943039
1072,695,0.6304286240210066
1074,3934,0.7746857938420358
1075,5552,0.956719235424866
1076,21,0.6375493943936283
1076,720,0.9936225310406351
1077,2497,0.9800450739843579
1078,2725,0.8928355552139081
1079,2317,0.9892345719176079
1079,4782,0.510501072477181
108,151,0.9204208866852619
108,178,0.9160157191637676
108,423,0.9280189626664741
108,52,0.9869186099222572
1080,2246,0.7966661846359134
1081,1089,0.6424008119031527
1081,1090,0.5798516040255375
1081,1243,0.5255151224877052
1081,1343,0.5133391282531669
1081,1353,0.5651518234075242
1081,2159,0.5506409726056674
1081,2334,0.991451218284309
1081,2426,0.595094127247281
1081,2587,0.5049541365155615
1081,2592,0.6399692378135473
1081,3690,0.5291627477314661
1081,4828,0.6491733195245557
1081,4973,0.5354134837126007
1081,5031,0.5348607677238703
1082,2367,0.9972730723851957
1082,4214,0.7870654053060535
1082,4908,0.5670448590378809
1082,5765,0.5518762488822505
1083,4676,0.9575509128801951
1084,5766,0.7695744889238121
1085,1099,0.8473483832691601
1086,3708,0.9134958883971218
1086,5312,0.6102422777855091
1087,5252,0.6583991975993149
1088,4163,0.9681502808032663
1089,1658,0.9751488294947436
1090,2374,0.8844353688551363
1093,2707,0.9709160284265823
1095,3172,0.9147689642368345
1098,1844,0.546284789951989
1098,2998,0.9640348380289452
110,108,0.5034404653068423
110,284,0.9461993389130169
1100,1620,0.8150560249582678
1101,3723,0.9711777011440414
1103,1777,0.9980893921923001
1105,2429,0.965984883843613
1106,4752,0.5595571059906946
1108,5383,0.8916258795112554
111,247,0.563914550441106
111,3161,0.9894290230299485
111,3296,0.5115166842873946
111,807,0.5564933899278144
1110,531,0.5124038450685727
1110,744,0.9311132547245404
1111,808,0.9846883220080681
1112,4851,0.9969014154861375
1113,927,0.5191223691208529
1114,4547,0.6004343947569964
1114,4749,0.8835315963975753
1115,3081,0.607460597456296
1115,3905,0.940142138909363
1116,2330,0.9811396959203412
1116,5304,0.7348581042113473
1117,1178,0.8626263882096394
1117,4282,0.9700296032100405
1118,5569,0.9946899915244851
1119,5056,0.8943058969680151
112,4491,0.7880738747828359
112,4764,0.5950004146519439
1120,4727,0.965494117916816
1120,5532,0.6885296418648232
1121,114,0.9458832597434583
1122,1970,0.6284200861615334
1122,3026,0.5644710808848825
1122,3175,0.5109150069844891
1122,3216,0.5160506787643481
1122,3217,0.6107914865640686
1122,342,0.591400512501195
1122,55,0.9877089727061505
1123,2936,0.9833034217668187
1124,5407,0.6226539152349666
1124,5865,0.6580182440160308
1125,5281,0.9893900742383205
1126,1996,0.9477056301121313
1126,2748,0.5254582574021052
1127,2941,0.8287841899706404
1128,4356,0.8887671966083679
1129,5054,0.9854458725848204
113,1062,0.548044244270822
113,3928,0.9988012141477907
113,5018,0.7390272293111178
1130,4814,0.9955300619146399
1131,1330,0.7239502340982575
1131,1716,0.6312407557683773
1131,1872,0.5392554950301592
1131,1946,0.560261299341334
1131,2881,0.5648791730693964
1131,3047,0.6344362700998671
1131,3892,0.5580211732910915
1131,4582,0.9605863236077483
1131,4622,0.5958117468885341
1131,4984,0.5487735869929452
1132,5109,0.8909767480106381
1133,5061,0.6622745548361237
1135,5861,0.7943099825836192
1136,1277,0.9594460234152575
1138,1187,0.5763214503518631
1138,145,0.9297575247429583
1138,1683,0.6252507986042714
1138,1799,0.5616794290435252
1138,2491,0.5147102001621682
1138,2552,0.6215740941816242
1138,2808,0.5706020734612971
1138,433,0.6789382901837965
1138,4685,0.5445736698666032
1138,5205,0.6823986301251084
1138,5311,0.5617639781103049
1138,5437,0.5758072760859384
1138,5691,0.5466153889016281
1138,696,0.6757194383854873
1138,876,0.5467952219795691
114,104,0.997139480337096
114,252,0.9942427592471538
114,2846,0.8559824659730192
114,3629,0.7107185216826892
1140,843,0.9792174440192241
1142,4717,0.8442506525538429
1143,2783,0.7228913004891093
1144,1950,0.8815262618942634
1145,2715,0.9738450533379831
1146,3238,0.9931074480687027
1147,1772,0.9936172356608663
1147,2124,0.71611553913371
1147,502,0.7360809801686771
1148,1087,0.652761534489346
1148,1365,0.604855981295172
1148,15,0.7044724173167798
1148,1525,0.7110095264990738
1148,1760,0.518417322054911
1148,1901,0.7675815156584013
1148,2124,0.5413792234325381
1148,2131,0.6620546057232167
1148,2264,0.7160540348059318
1148,2278,0.985283394052543
1148,3163,0.6382735079909221
1148,3431,0.6468534288363709
1148,4178,0.5397531598168184
1148,5137,0.6942093776219773
1148,5163,0.5931990303737846
1148,5316,0.6563448213944161
1148,629,0.5701413013833041
1148,944,0.601978682201609
1149,2624,0.6040214390099435
1149,5053,0.6441697039268529
1149,5079,0.5799631851544985
1149,5129,0.5034135102885955
1149,5137,0.5505251815209709
1149,5143,0.9735918540080171
1149,5163,0.5392146336869929
115,2589,0.8707929773229618
1150,4028,0.5530712420525373
1150,4653,0.7294068385371918
1150,5846,0.9836279937310286
1150,5878,0.9106165678009684
1151,2143,0.9961705604653159
1152,5418,0.7073291856655806
1153,1087,0.6030611777546646
1153,1365,0.6873319448454182
1153,15,0.6029791891682584
1153,1525,0.5995380718895651
1153,1760,0.5295824400870289
1153,1901,0.64882020789686
1153,2131,0.5832017729382477
1153,2264,0.5097600274882216
1153,2278,0.6689776666165723
1153,3163,0.5212048563523353
1153,3431,0.5231695508067212
1153,5137,0.8619971525856641
1153,5143,0.5267458206342626
1153,5163,0.766412633067928
1153,5316,0.5261505687531749
1153,629,0.5290707677122108
1153,944,0.5890167289845951
1154,492,0.845725827280665
1155,1492,0.5050565306862448
1155,2675,0.5347180864620551
1155,3565,0.5124542966508505
1155,446,0.5384161589486433
1155,4646,0.5651381939154765
1155,4874,0.9844321357054202
1155,4894,0.5505165364085512
1156,5029,0.9309435061827138
1157,3313,0.9882697510985085
1158,4869,0.5384915189112364
1158,5120,0.9614904776430963
1159,1923,0.6965104971691986
1159,5696,0.9985076439547795
116,1622,0.6313341967595645
116,168,0.9808736069220603
1160,5534,0.5640836188904138
1160,5659,0.9611380028695036
1160,654,0.6130874406116618
1162,2055,0.6704757033337017
1162,5790,0.713141351232444
1163,3009,0.9933697750420492
1164,2356,0.9863260163178096
1165,3010,0.9694051239087578
1166,3011,0.9404579282163104
1167,3012,0.9978329835032937
1167,3565,0.5175278230995879
1167,4413,0.5645083827278262
1167,446,0.5264750199427389
1167,4646,0.5409336178541856
1167,4894,0.5528324788046863
1168,4534,0.9285446417350698
117,1558,0.5778647014297139
117,1908,0.502061313274753
117,2165,0.5551076861334943
117,2300,0.5560759209982524
117,3121,0.5247526821619167
117,3165,0.5047617028791375
117,3376,0.5260945497405132
117,3406,0.509732897213767
117,3450,0.5108202527113137
117,3522,0.5114510342648482
117,3622,0.5240236661541868
117,4865,0.5433561332886888
1170,741,0.6078269889564805
1170,921,0.9501874347331113
1171,1009,0.979137768411123
1172,1806,0.9432569934874088
1172,4083,0.6900926464028984
1174,1847,0.7123204303581716
1174,1852,0.7133929489581414
1175,1138,0.5289322203599535
1175,400,0.98453245747985
1177,1756,0.9567127091451304
1178,4857,0.8484268235429243
1179,890,0.7388177148719616
118,1065,0.9819286123942829
118,3636,0.5344258853848526
1181,4013,0.5787709757835118
1181,4364,0.8446979740396393
1181,5654,0.9173921452777843
1181,5848,0.5674923467023874
1183,1957,0.532620940374326
1183,3106,0.6107395040304628
1183,4141,0.5226063907637039
1183,4712,0.5575224291348261
1186,4975,0.9480730538968265
1188,1862,0.6134129735106333
1188,2572,0.6517511782822492
1188,688,0.9839873260980566
1188,719,0.522044394745424
119,1270,0.8621639722303748
119,1872,0.9952706360970085
119,3047,0.5121905067158368
119,4582,0.5564636013003825
1190,351,0.5947006267224021
1190,523,0.5608823045399641
1191,2476,0.5372429789908086
1191,3685,0.5734980886680986
1191,3979,0.8971582020504985
1191,5811,0.5089830137178127
1192,1074,0.956916378826797
1192,1257,0.7938115761537601
1192,1274,0.8347500725418249
1192,1915,0.5708051413214973
1192,3322,0.736710393143844
1192,3591,0.5720572945078741
1192,962,0.7631936068635197
1194,2662,0.9986308838834379
1194,5,0.5057656036291873
1195,4383,0.7223176270975559
1196,1342,0.622098243065972
1196,2194,0.5767002344815367
1196,3871,0.523514268361069
1196,4777,0.9133342931833799
1197,1293,0.5073057965546625
1197,1830,0.9885495258156397
1197,1984,0.5844113484407056
1197,3295,0.5900783362879559
1197,3404,0.5109962606195337
1197,3680,0.6437299095590693
1197,5145,0.5128048639851917
1197,80,0.7337566110687083
1198,1431,0.7753261012770792
1199,2746,0.9852302270965885
120,3065,0.7873617869190727
1200,1200,0.99848451824302
1200,2300,0.5223955205815878
1200,3622,0.5026260952794269
1200,4077,0.5192648298738105
1200,5294,0.6068640205061931
1200,676,0.5669562762864335
1201,1732,0.5097748701912382
1201,2283,0.5255281794726118
1201,2744,0.5675496549630564
1201,2805,0.5596177191021675
1201,3530,0.5967260605678232
1201,3610,0.6137481319048922
1201,5044,0.5554439865011671
1201,5081,0.5946949748090932
1201,5135,0.5641157283721753
1201,898,0.6818906850456252
1202,2867,0.9520074753267292
1202,2969,0.9497560847478144
1203,1829,0.5184596569825067
1203,524,0.7214849988925481
1204,2321,0.9975825434899224
1204,2469,0.8344659388175131
1204,603,0.5108740800047883
1205,3155,0.5205201985242466
1205,3277,0.5627072895105729
1205,5649,0.5230761996433301
1205,75,0.9955278228365199
1206,249,0.6864229629936945
1206,882,0.6617851390946747
1207,3063,0.9934488939188844
1207,4742,0.6221357488016724
1207,799,0.5284283734307089
1208,1004,0.9687256994524394
1208,1349,0.8534421750006785
1208,1785,0.7033825514295968
1208,2254,0.8160639137870762
1208,2360,0.5258518414393619
1208,3185,0.8710777012006318
1208,445,0.8618822556773732
1208,5038,0.9052150726183376
1208,5371,0.716526553054665
1208,89,0.9149750302011993
1209,2286,0.697855153982588
1209,4385,0.9826461870420514
121,2394,0.9836492120323299
1210,2673,0.5100117624301262
1211,1100,0.5588964930091046
1211,2910,0.7258699061261433
1211,3536,0.5847860765518224
1211,3717,0.6334621788212795
1211,4574,0.6993219236488997
1211,4783,0.6635654950683267
1211,628,0.9814677323665653
1212,4070,0.5364757010360426
1215,4590,0.9787497263004389
1217,137,0.5006534014695007
1217,1565,0.9971994771465346
1217,1605,0.9947723419411479
1218,5541,0.6838802880999244
1218,956,0.985047673259344
122,1010,0.6682838634794365
122,1346,0.6128786334147784
122,229,0.9810658342250872
122,3746,0.722994774792699
122,4839,0.9697175320814663
122,831,0.55508451522228
1220,1070,0.9748138957880954
1220,1320,0.807098505054528
1221,1761,0.956905368416986
1222,1832,0.9351085720537372
1224,3754,0.9763773951922197
1225,1379,0.9009233036911493
1227,3056,0.5423360899166889
1227,3493,0.5841860839686436
1227,3516,0.5392396923311389
1227,4759,0.5260120555602324
1229,1083,0.6324842549815121
1229,1262,0.9945331407945465
1229,2868,0.9815944874021089
1229,5876,0.5907688186555061
1229,637,0.7614477146782485
123,2816,0.8662217932569743
1231,2608,0.9827079518805206
1232,5478,0.889511329817817
1233,1750,0.6072585021466193
1233,4042,0.7637000795875765
1233,4521,0.5113231502703756
1234,132,0.6146244088094686
1234,45,0.5621242149444515
1235,3259,0.6743864603492745
1235,3260,0.7013052303625005
1235,3261,0.7017402901135787
1235,3262,0.6688130883044842
1235,3263,0.6652720792843241
1235,3264,0.6703996471320035
1235,3265,0.6950545583163712
1235,3266,0.6820981943902279
1235,3267,0.6649119961261798
1235,3268,0.6645853874365242
1235,3269,0.6609304059901527
1235,3270,0.662086907305115
1236,3259,0.6811365974169878
1236,3260,0.7184488888306441
1236,3261,0.7120542787592603
1236,3262,0.678643121859689
1236,3263,0.6750500680483964
1236,3264,0.6802529994989728
1236,3265,0.7052702818876142
1236,3266,0.6921234888350459
1236,3267,0.6746846924855593
1236,3268,0.6743532833898785
1236,3269,0.6706445820165353
1236,3270,0.6718180812744677
1237,3259,0.6706890727245607
1237,3260,0.7006978442969536
1237,3261,0.706480942476694
1237,3262,0.6682338430162643
1237,3263,0.6646959007913364
1237,3264,0.6698190277577475
1237,3265,0.6944525858295868
1237,3266,0.6815074431443072
1237,3267,0.6643361294938246
1237,3268,0.6640098036732514
1237,3269,0.6603579877312912
1237,3270,0.661513487424202
1238,3259,0.6681336244313392
1238,3260,0.6980280570839331
1238,3261,0.6984610838169629
1238,3262,0.6770523295660981
1238,3263,0.6621632875816291
1238,3264,0.6672668944953143
1238,3265,0.6918065941959788
1238,3266,0.6789107748769593
1238,3267,0.6618048870787009
1238,3268,0.6614798046193141
1238,3269,0.6578419027654099
1238,3270,0.6589929997927069
1239,3259,0.6625215632462907
1239,3260,0.6921648943542178
1239,3261,0.6925942838320165
1239,3262,0.6600962328053738
1239,3263,0.6811197603759014
1239,3264,0.6616621135028113
1239,3265,0.6859956893217447
1239,3266,0.6732081898423551
1239,3267,0.6562459848126897
1239,3268,0.6559236329188448
1239,3269,0.6523162880179851
1239,3270,0.6534577162803662
124,124,0.9973672693532608
1240,3259,0.6514349950944017
1240,3260,0.6805822777281224
1240,3261,0.6810044818462689
1240,3262,0.6490502498852957
1240,3263,0.6456138745667332
1240,3264,0.6560293963141388
1240,3265,0.6745163075423771
1240,3266,0.6619427927728221
1240,3267,0.6452644315491549
1240,3268,0.6449474738589681
1240,3269,0.6414004938991298
1240,3270,0.6425228216175838
1241,3259,0.6728056883680223
1241,3260,0.7029091640856509
1241,3261,0.7033452188485673
1241,3262,0.6703427102442228
1241,3263,0.6667936026907343
1241,3264,0.6719328976418668
1241,3265,0.7241186062501258
1241,3266,0.6836582002893953
1241,3267,0.6664326959974224
1241,3268,0.6661053403310312
1241,3269,0.6624419996884845
1241,3270,0.6636011460022
1242,3259,0.6619159532346094
1242,3260,0.6915321874160445
1242,3261,0.6919611843895369
1242,3262,0.6594928397847732
1242,3263,0.6560011765155496
1242,3264,0.661057289112909
1242,3265,0.6853686216450522
1242,3266,0.7023992184558744
1242,3267,0.6556461112982626
1242,3268,0.655324054065822
1242,3269,0.6517200066337675
1242,3270,0.6528603915182093
1243,3259,0.6627910945018488
1243,3260,0.6924464852991438
1243,3261,0.6928760494639136
1243,3262,0.6603647773725051
1243,3263,0.6568684976582427
1243,3264,0.6619312951115331
1243,3265,0.6862747704712612
1243,3266,0.6734820686996272
1243,3267,0.6813324939806519
1243,3268,0.6561904799622293
1243,3269,0.6525816674982678
1243,3270,0.6537235601237877
1244,3259,0.6625215632462907
1244,3260,0.6921648943542178
1244,3261,0.6925942838320165
1244,3262,0.6600962328053738
1244,3263,0.6566013748915385
1244,3264,0.6616621135028113
1244,3265,0.6859956893217447
1244,3266,0.6732081898423551
1244,3267,0.6562459848126897
1244,3268,0.6816418665672594
1244,3269,0.6523162880179851
1244,3270,0.6534577162803662
1245,3259,0.6592021720382257
1245,3260,0.6886969829799935
1245,3261,0.6891242211139923
1245,3262,0.6567889930818624
1245,3263,0.6533116452405684
1245,3264,0.6583470283431536
1245,3265,0.6825586871376231
1245,3266,0.6698352560836248
1245,3267,0.6529580357508635
1245,3268,0.6526372989169679
1245,3269,0.6851084314797745
1245,3270,0.6501837371095827
1246,3259,0.638754875200295
1246,3260,0.6673348087643982
1246,3261,0.667748794719753
1246,3262,0.6364165488286723
1246,3263,0.6330470622271248
1246,3264,0.6379262565649297
1246,3265,0.6613869121083351
1246,3266,0.6490581396015828
1246,3267,0.6327044210844726
1246,3268,0.63239363294542
1246,3269,0.628915694611364
1246,3270,0.6661560258820132
125,2815,0.9810781340084662
1251,2526,0.9394291763949904
1252,2369,0.975777425515225
1252,3382,0.554294323783189
1253,2371,0.8746380781171075
1253,2895,0.5863882607840853
1254,2405,0.805961806242415
1255,2372,0.9516406888742132
1256,5474,0.9856025473890573
1257,2772,0.9714336533439535
1258,11,0.6593254447859167
1258,1229,0.6055417129806319
1258,393,0.5998099477416986
1258,5267,0.9876587776248442
1258,757,0.5100918259976855
1258,812,0.5929867483071776
1259,2672,0.8813971776003409
1259,5786,0.5154564772142292
126,653,0.9785250876879814
1260,1,0.5154268610895034
1260,1738,0.9697898834640565
1260,2253,0.744677497527455
1260,3393,0.8082583918995598
1260,3428,0.5108471644928371
1260,3437,0.8955657863476776
1260,3476,0.9084219171464826
1261,3192,0.8197681094268265
1261,3519,0.6657722263846372
1261,450,0.8678678703551737
1262,2571,0.96428760744355
1263,3193,0.5589093972381616
1264,2385,0.8449024202755644
1264,3194,0.5732036687411153
1264,46,0.5176609988022831
1265,4262,0.7200632132330129
1266,2402,0.8929601365449054
1266,2446,0.907191528842479
1266,3193,0.9439457434015068
1267,1026,0.9735529468247719
1268,2126,0.5567800749340209
1268,540,0.7370176124274982
1269,180,0.969706818649839
1269,5361,0.5039476122389077
127,2362,0.8114770206337187
1270,2835,0.814867628485672
1271,3954,0.9437403185030173
1272,15,0.5415409398136506
1272,2131,0.6631994740739134
1272,2484,0.9859595730204123
1272,4951,0.9944988110747733
1273,1616,0.8371903065514672
1273,2598,0.5020331545174808
1273,5027,0.996958836614693
1275,2023,0.9977493976407751
1275,4461,0.592750325652533
1276,1382,0.5352814650756347
1276,764,0.9941444349572972
1277,1012,0.5552176930072988
1278,4113,0.510392525856016
1278,4237,0.5053614038972467
1278,4239,0.5615530488981676
1278,5150,0.6776142981171689
1278,5363,0.6322444042743318
1278,5534,0.5116930146872483
1278,765,0.9949200723568719
1279,5567,0.9810825462068464
128,170,0.9636898904160706
1280,4758,0.9693798266554526
1282,4440,0.9314136389697933
1283,4079,0.9496251307609128
1284,2692,0.8823774814069134
1285,5577,0.8320843891576613
1286,1595,0.5236287925392955
1286,2523,0.5213076405222365
1286,4950,0.6374458631860089
1286,769,0.7352970868101156
1287,4612,0.9928259924348876
1288,1288,0.9857258528784859
1289,5699,0.9078636543571682
129,3083,0.9121380332088569
1290,5868,0.9745981610178814
1292,1131,0.6421036549361854
1292,3996,0.6259090693665185
1293,386,0.5001524798286753
1294,1134,0.5593096740015217
1294,3858,0.5118584779063979
1294,4841,0.5740077451982029
1294,552,0.9682094133331083
1295,3520,0.7109857954476775
1296,4265,0.7747237377918121
1297,1499,0.7684469638283743
1297,554,0.8293686201977468
1299,5285,0.9899758087919838
130,1722,0.5337431583047755
130,3162,0.901412460779945
1300,5620,0.9625402106895888
1301,4969,0.9724802318184235
1302,5349,0.8245582606326247
1303,198,0.8242689660146207
1304,3852,0.7934956159765036
1305,199,0.9146394668959518
1306,5678,0.9340060685263327
1307,889,0.9937680827165998
1308,3040,0.6379996280079474
1308,3825,0.7223087749998721
1308,5101,0.8136426753551039
1308,5624,0.9927387652565376
1308,974,0.8437468775198537
1309,3036,0.97756273030514
1309,4060,0.9888914619982544
1309,4532,0.9442247800303574
131,1290,0.9719506579312618
1310,11,0.5982730041839331
1310,1229,0.5145845840560717
1310,5269,0.7027593230246537
1310,5277,0.5752721379033686
1310,5354,0.8832674189228997
1310,561,0.5349631491710478
1310,812,0.699330941807226
1311,4708,0.9880081482531197
1312,920,0.9707072876601346
1313,3098,0.881910451868394
1314,5419,0.8435998771034311
1315,668,0.7681883468039296
1316,34,0.6005670806388301
1316,3689,0.5471399592156377
1316,449,0.9897347037847793
1317,4413,0.5083872634129315
1317,5471,0.9635955084930515
1317,677,0.7281047901807668
1317,742,0.5657652894278954
1318,2296,0.9925500787443273
1318,2378,0.7726856087465745
1318,5,0.5768059324499992
1319,4810,0.5522166829117183
1319,4971,0.9520986354567279
1319,5131,0.5349095940682795
132,1005,0.5389727310208688
132,132,0.9313134437728374
132,45,0.7140167677048823
1320,4957,0.9775522479206608
1321,4895,0.9195629816712021
1322,1995,0.6420790187470831
1322,2121,0.7786698761229774
1322,2260,0.502044936211123
1322,5634,0.965437808845416
1323,4028,0.5699179052185023
1323,4653,0.7407022199251176
1323,5846,0.9024436138586887
1323,5878,0.9979369655150118
1324,4846,0.9501060082986957
1326,5089,0.8599617571626202
1327,4947,0.9625324999805657
1327,5505,0.5537885234789921
1327,5665,0.681232041371347
1330,1011,0.5398124006767064
1330,1165,0.6847421116440244
1330,1782,0.707894598552197
1330,1881,0.5350874371150764
1330,2,0.6756302695581548
1330,2231,0.9739765445960152
1330,2265,0.7071417096055704
1330,2486,0.6920622429693878
1330,2784,0.9983531780616458
1330,3780,0.5688064858619156
1330,3895,0.5107891133801804
1330,4304,0.5399785083615203
1330,4899,0.8740270465509145
1330,601,0.5273954792101414
1330,70,0.5122317125264894
1330,771,0.5642179794324473
1330,787,0.7393781944482941
1331,1980,0.5508802157288706
1331,4191,0.9711232288616559
1333,2778,0.7447435303288986
1333,556,0.510632118089445
1334,3329,0.5988185402392523
1334,801,0.9370324958534053
1338,4446,0.7443386811752126
1339,4632,0.8352207944291589
134,553,0.9818211178023086
1341,3986,0.9359240001404139
1342,2504,0.9958534815728978
1342,2986,0.6614499201070133
1342,4663,0.7396457814541906
1342,5723,0.6470095825989999
135,3687,0.9356373952463104
136,5468,0.9440084272688405
137,2438,0.6138847858850064
138,3319,0.6280828023210273
138,3791,0.5302037214880982
138,779,0.9823952251655863
139,5413,0.9592664177212639
140,140,0.943326962237396
141,1035,0.5255343960541652
141,1194,0.617076319398252
141,1267,0.6709507221119452
141,1268,0.5707196586066434
141,1485,0.5885652153007265
141,2199,0.6016213570669735
141,3013,0.5495598047452952
141,3156,0.6388718133554095
141,3312,0.660890922340541
141,3370,0.7120592309225025
141,3380,0.6229892261651974
141,3511,0.5306742660273402
141,3693,0.5659877217654982
141,3924,0.5801229009127019
141,4071,0.5578339277920997
141,4313,0.9681226208716075
141,4352,0.6082333619949561
141,960,0.5080263231949711
142,5493,0.9701437417550831
143,105,0.6602853785967466
143,5725,0.6702503291120759
144,434,0.5732324649631465
144,4512,0.9908319970312907
145,3127,0.5132359418883827
145,5284,0.9155952484713894
146,1938,0.9289457551716127
147,1359,0.92949832167403
148,343,0.9940212006930015
149,186,0.9810343648577856
149,20,0.6384979013039409
149,268,0.5755187057146666
149,269,0.6003743187156511
149,270,0.6501308877589597
149,3356,0.5092275711315086
149,5641,0.6262756163005302
150,3356,0.7622410253497706
150,3466,0.9136161941329263
150,464,0.5066650922208127
151,1810,0.6066401295468855
151,187,0.9711530154414957
151,2057,0.6473688196192567
151,2294,0.5922160502443509
151,277,0.5697047564081655
151,3226,0.6400116276372187
151,3572,0.7594725248170149
151,4222,0.7719112660937635
151,4686,0.5931034052523757
151,5139,0.71796159582078
151,945,0.5258837948452506
152,126,0.987664798676087
153,127,0.9500127591679719
154,5887,0.821056358713027
156,4349,0.969470957716993
156,5814,0.5236290698854651
157,2438,0.7247312148696772
157,881,0.9839559326597332
158,5470,0.9707823801038493
159,1732,0.5905025442349803
159,2283,0.5626531793982009
159,2744,0.6327413035200425
159,3530,0.546931251416365
159,3610,0.9444748853525026
159,5044,0.5837639242354359
159,5076,0.557320059519242
159,5081,0.6691961689482929
159,5135,0.6191335611966734
159,898,0.6993636622488373
160,523,0.7226467349155433
161,1900,0.9454972642743011
162,245,0.9240147460889909
163,246,0.9623076281350958
164,149,0.603108336872588
164,1970,0.5442645335052186
164,247,0.9593055229700693
164,3148,0.5332628860957945
164,3161,0.5599629531619238
164,3296,0.5355666618128354
164,807,0.6987126830799347
165,1231,0.8874800166414838
166,144,0.9981515486730664
166,3632,0.5306831060209709
167,3992,0.9716520510025417
168,3457,0.8720847872948818
169,3991,0.8110742368113485
170,3769,0.9852159225111502
170,4067,0.5145154493096106
171,1135,0.5884488951949027
171,46,0.8428485283102861
172,185,0.6398916737770319
172,579,0.9149433890858474
173,147,0.7138274718870862
173,177,0.7495303929750686
173,483,0.7245084283610769
174,1082,0.5481271248792828
174,325,0.7892934731211252
174,372,0.5602961850408964
174,3887,0.7486287658720677
174,397,0.5281489785025152
174,4043,0.6854631636246902
174,522,0.6751389878206734
175,2664,0.5178632435817089
175,4921,0.9162783595317343
176,4100,0.882044384675267
177,5483,0.9010278651316472
178,3146,0.5183347863784088
178,5406,0.8104515596129118
178,5408,0.9801571199664628
178,5695,0.8165874331709562
179,1181,0.5163565811456938
179,1467,0.6001163686415322
179,150,0.8936456026595792
179,398,0.5068651889071085
180,151,0.9903053069389774
180,178,0.9695389270958017
180,423,0.941753107677225
180,52,0.9234992289616946
181,1732,0.7076159010727152
181,2283,0.5594723240562351
181,2744,0.7230757513603375
181,3530,0.973623960892972
181,3610,0.5826211979362637
181,4636,0.6212274267936009
181,5044,0.6023782301765319
181,5076,0.5040054847815945
181,5081,0.703685122288959
181,5116,0.5201048644804221
181,5135,0.6508908511888679
181,5411,0.5083561657419717
181,898,0.7700586495401011
181,906,0.5307234701322846
182,331,0.9151823398645966
183,1492,0.5364388248836068
183,2675,0.5493283702365128
183,3565,0.5564524327045237
183,3874,0.993877422442259
183,446,0.5625713367915316
183,4566,0.55501753889677
183,4646,0.5513050850193978
183,4894,0.5810443749556627
183,5799,0.5453589860471069
183,597,0.5324852031202673
183,614,0.5017783436092537
184,1803,0.990733540540591
185,2122,0.9910540020023647
185,2804,0.8458032467881805
185,309,0.5886906009246198
185,3341,0.545151872610151
186,147,0.6515458292829898
186,177,0.8133788070767592
186,483,0.8874551744837332
187,310,0.9230577499594509
188,1010,0.5483635775490548
188,1346,0.5842540947819509
188,229,0.5862955751669412
188,3746,0.6297134100816321
188,4839,0.5648008839439421
188,831,0.9823152830284972
189,5730,0.6857668982983991
189,5731,0.797715439199295
189,5798,0.7194810689291272
190,5730,0.7357116187652973
190,5731,0.7855183239184317
190,5798,0.6896752382008772
191,1087,0.5902883812701906
191,1365,0.5676897538583376
191,15,0.6363693492282282
191,1525,0.6278962191863613
191,1760,0.5165644138014398
191,1901,0.6593715561453838
191,2131,0.5997436090199372
191,2264,0.6702990210445848
191,2278,0.7477042271357107
191,3163,0.5721220861813434
191,3431,0.5691084321076949
191,5137,0.7407569177736335
191,5143,0.526253325617112
191,5163,0.6334055391746818
191,5316,0.55953593215749
191,5761,0.5006318188775575
191,629,0.5319300996841916
191,944,0.573281442162042
192,1674,0.9215042583297092
192,556,0.54119400231836
193,5001,0.9883426296628344
194,2326,0.6222802130833824
194,5282,0.9936846942555342
195,1994,0.7784062205795445
195,260,0.6494729883829753
195,4646,0.5227732313133668
195,4894,0.5076241399387341
196,4880,0.9802503328138863
197,2523,0.8754155284290529
197,3569,0.5535891668616673
197,3829,0.5594475827304835
197,683,0.6956907670915626
198,3040,0.5498504939013269
198,3825,0.6789921932324551
198,5101,0.7749562697059599
198,5624,0.8506781616491075
198,974,0.9963882647674301
199,2424,0.6840722200692204
199,3978,0.9959179811906252
199,5363,0.5410211124416523
20,186,0.6379727814805367
20,20,0.9991812485054526
20,268,0.836146433778564
20,269,0.9052148853810477
20,270,0.8807339720449231
20,3356,0.5748749726841994
20,5641,0.7991695229460771
200,2968,0.9904571369260606
201,2424,0.9977606511366302
201,3978,0.6834039146688154
202,1574,0.9400724107667752
203,1134,0.5421712832874429
203,3056,0.5573761799943688
203,3516,0.5886239650639001
203,3858,0.5200139487583576
203,4234,0.6011673536387832
203,4759,0.6011448209834072
203,5048,0.7430454985089008
203,5059,0.9844174363937286
204,1771,0.7637394875620552
204,673,0.9724041220663336
204,893,0.5295857268709294
205,4389,0.8011723395568361
207,4121,0.9360529612253656
21,2267,0.5200602911176652
21,875,0.983092888701691
210,5262,0.8529541321714699
210,5298,0.8214919036416019
211,2097,0.9937206469889333
212,5753,0.5025971294134279
213,633,0.9857790439806913
214,786,0.7922972100444885
215,1478,0.6608007467188851
215,2238,0.5541043581535601
215,3181,0.8391300736218185
215,729,0.5762237036732377
215,773,0.5066956896409942
215,816,0.5136088646662096
215,900,0.5440290960432674
216,2704,0.9957162832731291
217,217,0.9214149299069662
217,3471,0.5033778354642955
217,3932,0.529025289040288
217,61,0.8843203395769915
217,7,0.529433688187194
218,288,0.8944932235315498
218,5740,0.6877996119708238
219,223,0.998132261124855
219,2490,0.7205425113961745
219,2756,0.6299220634689295
219,2758,0.956096425367641
219,278,0.9979458756071257
219,2928,0.6598207028037103
219,2978,0.9027514025374852
219,337,0.8216038938609435
219,3906,0.7257795630601274
22,3474,0.8325545357263209
220,288,0.7024437057602001
220,5740,0.8728483274271898
221,3541,0.7914761995188774
221,4354,0.7589137978057213
222,4768,0.9377798098582345
223,1647,0.5477649435778522
223,2773,0.7647457617104482
223,5764,0.9549174918416872
223,600,0.5041673792096742
224,2465,0.8774453109609142
225,2464,0.9004082075814014
226,2648,0.9372741466680374
228,988,0.9076947006043752
229,2631,0.6934095217094629
229,3141,0.9499680421229976
23,1786,0.9923219354727235
23,2132,0.6892785597989788
230,5631,0.8525709125714491
230,913,0.5222601232738475
232,1918,0.6665698367231484
232,494,0.9752361003746167
233,5776,0.8950249915885717
234,1468,0.6592665735570226
234,3696,0.6331267463661121
234,624,0.9984218762939169
235,3086,0.6359205275807037
235,434,0.6649554988904584
236,22,0.9946634719668672
237,3146,0.636611806161574
237,5406,0.9839077976981055
237,5408,0.8137724762376196
237,5695,0.9065376446237515
238,5617,0.9161637396629788
239,139,0.9962022024716589
24,24,0.8454536418949079
24,33,0.7375724025150158
240,2217,0.9434886546407012
240,2609,0.502254735547676
240,4660,0.5742298396757619
240,4923,0.5103157615627405
240,5016,0.5783126681064134
240,933,0.5378880796432407
241,994,0.9461475871035848
242,1924,0.7455730840769935
242,4207,0.6958918648273209
242,4373,0.8609167732164085
242,4902,0.8932548314043548
242,5590,0.5460885387991746
243,5439,0.9637065108493804
243,5659,0.5397522585475099
244,1367,0.6562557072136507
244,4437,0.9779312253095471
244,5815,0.9959664881933705
246,2744,0.5689744921358756
246,3530,0.5049084236841445
246,3905,0.5152605458885631
246,5081,0.5558363580057399
246,5111,0.7019116263040004
246,898,0.5471772679110187
247,4968,0.9919785250855042
248,582,0.732043005649641
248,903,0.9037086912180952
249,279,0.9366493046275617
249,666,0.7364446867616428
25,1040,0.5087861277827699
25,25,0.9978525883083457
250,3352,0.7137090215962425
250,4274,0.7678853720289117
251,384,0.9790973780184115
251,386,0.6095371116387671
252,1670,0.6256333457272059
252,285,0.5575301434298151
252,3501,0.5270758382372581
252,384,0.58560484474975
252,386,0.9983156249018909
252,4277,0.5619042127069716
252,4745,0.5625326385893508
253,1323,0.818171410843004
253,2558,0.9931360160499291
253,2929,0.628090065473656
253,3298,0.6177283641662061
253,3989,0.5564972901361716
253,5326,0.5698233513495642
253,5427,0.7027288569881373
253,774,0.8518773636780512
254,1704,0.7216251772654056
255,5234,0.5369231447997322
255,615,0.8566802471172777
255,616,0.8121934774842678
256,122,0.792752784295236
256,1415,0.650276426890136
256,4931,0.5923802782335497
257,5248,0.9483668863540834
258,201,0.5119280072307962
258,2182,0.9938802160022013
259,1738,0.5107715175267622
259,2116,0.5535560471307501
259,3393,0.5166862406875837
259,3437,0.533163606500888
259,3476,0.5196474510497303
259,5287,0.9889710936127397
26,1064,0.8814936227510444
26,1155,0.9081165028106446
26,4871,0.505105111732006
260,3395,0.6579311082597652
260,4117,0.6189116454967213
260,5494,0.6285218938806512
261,2107,0.9641606140229316
262,689,0.5281684368483931
262,784,0.8936181385674397
263,3221,0.9950622237946044
264,1384,0.5815859775166221
264,1508,0.5952636775195546
264,2149,0.5939685703296979
264,5085,0.5295970879334265
264,918,0.9564629245759848
265,261,0.9921233880341723
266,1730,0.6569886409149914
266,176,0.8755721680115089
266,2309,0.5273397408340127
266,4065,0.597780781935808
266,5376,0.959287271884332
267,1573,0.9483264451084028
267,4578,0.5987673746123892
268,3768,0.937621229899134
269,1689,0.8307071496360078
269,1826,0.5764565829433698
27,352,0.6971682554795229
270,1331,0.712066638241194
270,5481,0.9436770658290882
271,1492,0.6530606701843445
271,2470,0.504603619942424
271,3565,0.5322265510848194
271,446,0.5545643745262518
271,4646,0.5518066770549025
271,4861,0.6424512440766175
271,4894,0.5618525813710934
271,4977,0.9915224684073005
271,597,0.5077603226454054
271,614,0.5005257339232662
272,4720,0.8849838231653615
273,2550,0.9877765406312191
273,2551,0.7121972389197446
274,1917,0.974524178409198
274,214,0.8939725859221047
274,871,0.689432685509938
274,872,0.9229754276429067
274,873,0.6468881979772566
275,5743,0.9919456149504408
276,3732,0.8688376692109234
276,4279,0.5884375912691792
277,1337,0.6375849533858663
277,3868,0.6498165479887964
277,5433,0.5266316489273629
277,5668,0.6993523399811298
278,1124,0.695536489110458
278,2944,0.884200782222614
279,4752,0.9882437473773082
28,3,0.732821334954964
28,334,0.9756480388467743
28,3703,0.6786389047129561
28,5682,0.6246756815392331
280,5094,0.753854278358921
281,4698,0.8664786143493992
282,4444,0.9707227776245503
283,1847,0.9965642508123249
283,1852,0.9940855877400419
284,4920,0.8704432700952446
284,5809,0.964276527987869
285,4225,0.7974633754041036
286,2991,0.9912507232595433
287,4139,0.601323203349202
287,580,0.5044002676238315
288,1284,0.9351524420516424
289,4853,0.8072384544667467
29,5768,0.7443167429488039
290,3531,0.9836129047750551
290,473,0.5736893907541469
290,5373,0.5369442003925947
291,1877,0.5740214377574443
291,3978,0.5406856724654678
291,4039,0.5898244098054225
291,4239,0.6463290385636838
291,5149,0.5050103447602395
291,5150,0.7404515456509895
291,5363,0.9966283569076128
291,5534,0.5304084401250532
291,5781,0.5434561563260676
291,765,0.6255977361374784
292,3221,0.5297717955290699
293,5539,0.8109195509342387
294,2726,0.7878034298311802
295,5570,0.7252697960155425
296,1732,0.7370201514138663
296,2283,0.5976845174429951
296,2744,0.7555573442605278
296,3530,0.9116397816443547
296,3610,0.6559874530631851
296,4424,0.5187664805888158
296,4636,0.6394991086111768
296,5044,0.6386735883444264
296,5076,0.5640719850759496
296,5081,0.7441622397703551
296,5116,0.5431437892083046
296,5135,0.6859474276660783
296,5411,0.5322678010218842
296,898,0.80886122842882
296,906,0.561943826187599
297,1,0.5734833008546943
297,1554,0.6668660632675446
297,1555,0.5103942626047138
297,3666,0.9219245214211723
297,5443,0.5145535621958548
297,5857,0.687431533894215
297,694,0.5775107118674747
298,3005,0.9099899502240144
299,1862,0.7741288884687856
299,2572,0.523449041401376
299,3584,0.9657312107856754
299,688,0.5013183343270831
3,3,0.8019262154234891
3,334,0.6688615322423407
3,3703,0.6908772162554844
3,5682,0.906332251643682
30,2575,0.8235839400591611
300,1417,0.5116305523105423
300,2220,0.9971965511966652
300,2872,0.5795603053812105
300,3846,0.5241419081994851
300,4303,0.5596267509445536
300,4882,0.7812923347180313
300,4962,0.5250665250410869
300,5114,0.5569582016225545
300,5261,0.5046567613274614
300,5316,0.5770018965431265
300,547,0.5533994784303773
300,548,0.5449410973188872
300,830,0.5222393502694682
301,4523,0.9077808271003852
301,4829,0.6693886280610105
301,5561,0.5207743078907114
303,303,0.9737244711075425
303,333,0.8760745570791804
304,3573,0.6090561909228578
304,4306,0.6754741862661754
305,1086,0.9929876066464605
306,5866,0.9834564647585278
307,227,0.9961302064674801
307,868,0.5655362048609693
308,1410,0.9555913462823796
309,5873,0.9942524008517659
310,3308,0.9714626445795628
310,3420,0.7503478657361804
311,3539,0.9511487872273967
312,5721,0.9372074744369244
313,1333,0.6086689848115657
313,3368,0.5887173367554053
313,3999,0.6143037385347329
313,515,0.5220968851622294
313,517,0.5965740867453923
313,5173,0.5003839375759691
313,5229,0.939745985097778
313,5323,0.8309770151432992
314,155,0.9737255417197781
315,1855,0.8468143932161462
316,4927,0.9501945168527792
317,2681,0.8060310165406568
317,292,0.9963736737192226
318,4014,0.5592379286752257
318,440,0.974561539838844
319,2594,0.6460568996675653
319,442,0.9785306806794294
32,1087,0.516153181248203
32,2131,0.5037473198396073
32,2278,0.5137623030239303
32,5761,0.869732651222232
32,944,0.5375609358721211
320,5789,0.996704809182383
321,5813,0.9861386866306298
322,5387,0.7160076558330417
322,5794,0.9289122519388289
323,5385,0.9310692225690421
324,5386,0.9275873159988977
325,5885,0.9751867719748697
326,1818,0.8476081269155811
326,1819,0.9840933372905319
327,1818,0.9908637022587733
327,1819,0.8446459217626207
328,1226,0.5451452932063935
328,2718,0.9746418103589387
328,4546,0.5247943363744615
329,1066,0.513494499605048
329,1226,0.584481307485423
329,1548,0.5730431172629762
329,409,0.5680984040556278
329,4546,0.7010130290024579
329,5671,0.9978982872358447
33,2476,0.5399937158292311
33,3685,0.5711586141815311
33,3979,0.9093444585055874
33,5811,0.5115181427192924
330,382,0.5234339234499169
330,4988,0.7933227937750369
331,753,0.9378292663710072
332,5389,0.9368107691280816
333,303,0.8917592308452583
333,333,0.9758033950352515
334,1307,0.9765060547536774
335,1328,0.6282689383132362
335,1329,0.534587010795795
335,39,0.7403505303454198
336,3786,0.9370852632353415
337,1147,0.965525027798187
338,4719,0.6594981723554545
338,4721,0.9446979005324482
338,5806,0.6847949538488226
339,1881,0.8198235435506875
339,2081,0.8399850164105457
339,2674,0.6873822555609441
339,3033,0.5438819928574202
339,3355,0.6034536455001646
339,4286,0.6879904716373114
339,49,0.997736069097636
34,1110,0.8579084365793862
34,5309,0.9985931496713747
340,4257,0.8420173565446459
341,3007,0.9471914121803253
341,3614,0.7610465379073384
342,1131,0.9709804837524214
343,2476,0.5452076165947739
343,5811,0.9417715005725508
344,4629,0.9622631627002916
344,5234,0.5120842594719835
346,2517,0.5024571693295905
346,2706,0.5619700845121448
346,2920,0.9348288320668894
346,891,0.5493475526381009
347,5446,0.9230913310456744
348,2,0.5029586102986162
348,2641,0.9973482606421291
348,5412,0.7055282235751433
349,5456,0.951944674093084
35,5544,0.9678484569665408
350,1732,0.6994480409331509
350,2283,0.734264508893721
350,2744,0.6637565161050138
350,3530,0.6154201541139129
350,3610,0.6190493840058799
350,4449,0.5504411926939765
350,4636,0.5387658269098988
350,5044,0.7925293262715247
350,5076,0.591699385118525
350,5081,0.7294092043520473
350,5116,0.57101042503298
350,5135,0.9776626051576213
350,5607,0.5751577188661323
350,898,0.7525205969410812
350,906,0.5264580144294877
351,6,0.9529119199221392
353,3150,0.5435744895805243
353,3508,0.8512083689497699
354,5638,0.6404982769896982
355,4367,0.6266696833029677
355,4398,0.8114716200429951
356,5032,0.9819737442383776
357,1732,0.5026547504277836
357,2283,0.5682812728791229
357,4449,0.8124079814761574
357,5044,0.5741928040722297
357,5081,0.5504690919858446
357,5135,0.5550350493622022
357,898,0.5582810993229992
358,1653,0.6030686731946298
358,1905,0.6119306048757592
358,2366,0.6112833180538376
358,2633,0.5946965501601557
358,2760,0.6265824295394531
358,2866,0.5308760683417447
358,2932,0.5927955331071152
358,3729,0.6674194729473265
358,3867,0.9903635909094003
358,627,0.6648342990433874
359,183,0.9839136615548554
359,2847,0.5066342585284989
36,1797,0.9935397500027011
36,447,0.5435042243504621
360,1670,0.6467693506919334
360,386,0.5124275296047993
360,4277,0.6361841280861725
360,4329,0.996339128235642
361,1791,0.9061361019789629
362,1040,0.5567742433455003
362,2060,0.6531878745215838
362,699,0.6547242420600625
362,766,0.9789208064150576
363,4045,0.9708726960604912
364,1337,0.6365514677017703
364,3868,0.6490172087544482
364,5433,0.5257780116715466
364,5668,0.6982187331924642
365,4623,0.911273888343784
366,3453,0.9858455431501991
367,648,0.9913236881409971
368,137,0.8415740005889889
368,21,0.9985554347864571
368,34,0.5447000441469971
368,720,0.6141824439361327
369,5673,0.9732474340453587
37,2274,0.5769224603780694
37,3623,0.5567382428972023
37,4164,0.5029077259440407
37,5405,0.8326532235478572
370,132,0.7660379239857597
370,45,0.9189938966456654
371,1558,0.5167639426976128
371,3598,0.8841571409022222
372,1670,0.5976627918058136
372,285,0.9866008786468994
372,386,0.5606870303394536
373,2166,0.899377897781958
374,3461,0.5372826330169501
374,3983,0.5324680395963298
374,3984,0.9967251094746417
374,791,0.621957960665221
375,2195,0.5139934918348625
375,3983,0.9948237702265865
375,3984,0.533435706910111
375,791,0.5352505737001979
377,5606,0.9869709435528858
378,5344,0.9687348186176296
379,485,0.9455012803506302
38,5759,0.8630585906897547
380,2828,0.5057471145870339
380,781,0.8484507870339942
381,129,0.9914255943049664
381,3711,0.7441625613589008
382,3455,0.8396124608957563
383,2023,0.5565688656196008
383,4461,0.5571368054070858
383,662,0.8707062904466762
384,2919,0.9663464595410977
385,3347,0.5355610095412902
385,5635,0.9700092544534787
386,5370,0.9460312025732036
387,4867,0.9705025372996764
388,3976,0.7639310104372468
389,1723,0.986571908167016
39,1013,0.767911807347441
39,56,0.9364225389752882
39,57,0.9376192985713687
39,58,0.9341427521814407
39,59,0.9315215057482432
390,5638,0.8738778789547376
391,1084,0.5586831169151657
391,305,0.977251467995059
392,754,0.984915436321384
393,1699,0.780277885826373
393,584,0.9473235604330996
394,1667,0.9838536129297286
395,3229,0.9267268138462026
396,1023,0.991208084787569
397,3817,0.955590002324785
398,1732,0.5324261122916163
398,2744,0.5238063987122923
398,3530,0.506150685159957
398,3610,0.50626198652082
398,5081,0.5779963530880949
398,5135,0.5392944224792801
398,5411,0.9653059387703196
398,898,0.5565531906042999
399,1417,0.6624568031075505
399,2220,0.5708158269027636
399,2872,0.6600364154913708
399,3463,0.5137219864610446
399,3753,0.501625301514961
399,3846,0.5856160778222163
399,4303,0.6011736951196204
399,4962,0.5560194957582
399,5114,0.6667265676216609
399,5261,0.5555683996267669
399,547,0.5819799060668684
399,548,0.5571640133190546
399,72,0.5238795700876993
399,830,0.5738487343849874
40,40,0.9977792195648155
40,4646,0.5101590733107508
40,4894,0.5283362345410395
40,614,0.5230319756924804
401,4938,0.792958982555247
402,2541,0.5063439726945991
402,2959,0.9357379264247871
402,578,0.8828549063799418
403,1917,0.8948799133511375
403,214,0.940687544460809
403,871,0.7777235605685078
403,872,0.9732472866802329
403,873,0.6759661894012967
404,4562,0.9300866829161885
405,1873,0.9939964634119293
406,2985,0.9835855131131146
406,486,0.5262439685778181
407,279,0.7314677088276569
407,666,0.93939731209713
408,5807,0.9962625037246478
41,90,0.9961362015564611
410,141,0.5842270995393759
410,4806,0.9983091332938577
411,12,0.5168669353024362
411,50,0.9911890499942766
412,95,0.9459506745898331
413,2084,0.9743497780596092
413,4550,0.6382067675147058
414,1135,0.7481882947715665
414,46,0.5692981535339293
415,4679,0.9780970652674488
415,4985,0.9207302378655995
415,5278,0.8085843345657654
415,5338,0.7607504127697358
416,625,0.9349215244272754
416,626,0.5188213825089514
417,824,0.9702223747979345
418,1734,0.5367363010653633
418,2214,0.9839344804144252
418,5641,0.5090411025625711
419,3478,0.9896661020443942
42,82,0.9960009429752233
421,3387,0.9611889542142489
422,306,0.9844073530412084
423,5475,0.821154452226382
424,186,0.648556746271219
424,20,0.8799380789042428
424,268,0.783243313258368
424,269,0.8760219518942306
424,270,0.9937211945862078
424,3356,0.6169176708847354
424,464,0.5592709520454788
424,5011,0.504691033681292
424,5334,0.5559640304806722
424,5641,0.8494826588632852
425,186,0.6097428167963167
425,20,0.7695412083309233
425,2214,0.5027878906971713
425,268,0.6948484658066088
425,269,0.7352500428061469
425,270,0.8371485889183987
425,3356,0.5801376166824899
425,5641,0.9724695419947829
426,23,0.9244615810559305
427,1715,0.6771776463930214
427,2250,0.6385438261308758
427,2506,0.8035797955072609
427,3218,0.7175026731501423
427,3372,0.8017048027518251
427,367,0.9766356557740912
427,5034,0.9307741356435122
427,5416,0.717376304955006
428,1189,0.7060307491858824
428,2471,0.7682473761397791
428,2771,0.7645460193423107
428,3208,0.5597098145016298
428,3760,0.9534478240541834
428,4155,0.7477182001923317
429,5830,0.8722949411434809
43,2872,0.5853331995558368
43,3463,0.559788815914088
43,4303,0.5201551500625881
43,4962,0.5321880304456195
43,5261,0.512315885482408
43,547,0.5167313642118132
43,72,0.9986968178070147
43,830,0.5970292532474677
430,148,0.989276054652903
430,2670,0.5556529300422514
432,1105,0.6319079001602199
432,1627,0.5699238240554324
432,4200,0.933316282677683
434,1462,0.609215496483834
434,1469,0.9928072077717649
434,2267,0.5887781883840847
434,4849,0.5188338952388833
435,2657,0.962159259293631
436,3896,0.9527026210399627
437,402,0.8858615404607152
439,5014,0.9361071492004146
439,5141,0.649858019108786
439,5368,0.5904686572587015
44,2200,0.5181771336906265
44,44,0.9956221068404851
440,3726,0.5358015853551281
440,4082,0.6271607028512527
442,4999,0.5151041746836958
442,5711,0.8374432765304031
443,4382,0.9830912090261219
444,3516,0.6567313766020298
444,4887,0.997705067977737
446,1626,0.5634904109869878
446,1734,0.9862397971901945
446,2214,0.5268488923929882
447,270,0.5482251189057875
447,464,0.8041554610817016
448,1122,0.5329748172065722
448,2030,0.5406173940555593
448,217,0.5241149587921298
448,346,0.5855809312730982
448,3471,0.9908358476655855
448,3932,0.5597523434663085
448,447,0.607009321175552
448,5551,0.5178444928705809
448,61,0.5456402217287968
448,7,0.5609769283425374
448,732,0.5873874203890403
45,1293,0.6093376732342556
45,1830,0.6856443042434849
45,1902,0.5253708496084536
45,1984,0.7516251639608537
45,3295,0.7346988356560717
45,3404,0.6297584887536214
45,3680,0.7691464126261099
45,5145,0.6477346990206544
45,5185,0.6266702967739577
45,80,0.9977971078195615
451,3635,0.9798246269753639
452,4172,0.7986836204683146
453,718,0.8525063916814104
454,1360,0.9692669541594819
455,1417,0.5095842267009029
455,4303,0.5198126325891884
456,4793,0.7212429132797231
457,626,0.9403477458528119
458,5802,0.9224928763842752
459,1394,0.9893628658218403
459,1965,0.5948744037933206
46,88,0.9914861195874678
460,1732,0.5219742965738079
460,2283,0.5274563003397541
460,5044,0.550621974918455
460,5116,0.9584436580216192
460,5135,0.5671405748435352
460,898,0.5616223597063509
461,3728,0.9823015152327902
462,1519,0.9830863946674339
463,1122,0.8423018574672683
463,3471,0.58225619588286
464,4091,0.9201666573302493
465,1406,0.9796812638827224
466,2183,0.5186041676370466
466,4036,0.943130939883622
466,5091,0.513293393579394
467,1089,0.5151005458193115
467,1343,0.5201228280186799
467,1358,0.9907361110911203
467,2587,0.5386572495848646
467,3690,0.5297911054847066
467,4159,0.7075278158390319
467,4161,0.5853143358143333
467,4186,0.5544356805636206
467,4828,0.5059092103203718
467,4833,0.6443935237826771
467,5031,0.5423190808701185
468,1732,0.6127626436190798
468,2283,0.5362832458481558
468,2744,0.6306867428588204
468,3610,0.5581845577535159
468,5044,0.5569209740729425
468,5076,0.9212085434700941
468,5081,0.6698237620531121
468,5135,0.5926977945289191
468,898,0.6373562704465123
469,1732,0.7866999543948306
469,2283,0.6198743878571505
469,2744,0.8649363183603362
469,3530,0.679318854508061
469,3610,0.6694951415132492
469,4449,0.5464449422617565
469,4636,0.7518527695609203
469,5044,0.6457877237453097
469,5076,0.6693469828372249
469,5081,0.9770079178208673
469,5111,0.5520971437851723
469,5135,0.730119911616888
469,5411,0.5578355396787974
469,898,0.7993082124185923
469,906,0.504910473140713
47,141,0.6455831359625128
47,1883,0.573121615264374
47,2665,0.939239094168396
47,868,0.5358588146663386
470,1017,0.5100179882269466
470,1021,0.535256681204863
470,3008,0.616261507982538
470,3411,0.5199929831802916
470,3748,0.5098739938429913
470,4220,0.510584706538168
471,4069,0.6519151162435162
471,4709,0.9398761279205006
472,4607,0.9946809784527192
473,4031,0.5164828282214254
473,4399,0.6386301558750346
474,1305,0.8966994703064846
474,2150,0.7591430509783696
474,2485,0.6055653684588782
475,2169,0.5059355702726267
475,2481,0.588269586672043
475,3514,0.5442072753910198
475,3600,0.600233331684044
475,5273,0.5813764981717817
478,4325,0.954372680949422
478,5010,0.6907119970715844
479,1332,0.9208165737986856
48,5488,0.9680371639213224
480,1670,0.5879568012083302
480,285,0.5291919661699688
480,386,0.5928989565290055
481,3726,0.9356045142630126
481,3752,0.5279241916246789
481,4082,0.8108800380446233
482,4991,0.973118048313353
483,966,0.8659111575882191
484,1715,0.7584526552032174
484,2250,0.6532397220144585
484,2506,0.9927008442882126
484,3218,0.7981594608988682
484,3372,0.858052496338315
484,367,0.7803112297716526
484,5034,0.7776855321185017
484,5416,0.7343386096761207
485,3573,0.9616734220291144
485,4306,0.5646836921081362
486,1097,0.8664064863573657
487,5689,0.9118007799748922
488,1495,0.5019059542752861
488,1512,0.5625211393692346
488,432,0.8534097082605867
489,2993,0.8876496490737343
49,1013,0.7776595470986823
49,56,0.9476078991157545
49,57,0.9488189537405496
49,58,0.9453008807728238
49,59,0.9426483241306639
490,4022,0.9927438425058634
491,1312,0.9936276651814936
491,983,0.9204882014325909
492,3471,0.6200234909398004
492,447,0.5519529839786472
492,5551,0.769631064600392
492,732,0.5332002271958055
493,4797,0.979754071963291
494,344,0.7673379347028276
494,743,0.7595882424169089
494,911,0.9574072414515841
494,99,0.6188782641480709
495,2184,0.6528961232571104
495,2195,0.5492181227644677
495,2237,0.997973311297631
495,3122,0.5345857219957691
495,3873,0.5926217192809908
495,5,0.5720178244193433
495,5168,0.602181714016774
496,3704,0.6060384748487896
496,5573,0.9268342713356603
497,1875,0.8263188026729823
497,4509,0.992937613846241
498,1132,0.9537263601228638
499,4237,0.9797027290791048
499,765,0.507493253634379
5,1386,0.5311892094560334
5,2184,0.6238589911609237
5,2237,0.5788829378006597
5,2296,0.579424921924978
5,2316,0.5038661193879059
5,2378,0.5930897011232946
5,2662,0.5056089675744891
5,3122,0.5484119455933012
5,3433,0.5109988749355672
5,3536,0.526114690411944
5,378,0.5705225691280716
5,379,0.5701489814075921
5,4000,0.5229755695331616
5,426,0.5328891954617129
5,4826,0.5175446237724626
5,4913,0.5862153295968696
5,5,0.998012464696879
5,5168,0.5123791195297318
5,521,0.6143063411324485
5,5611,0.5859886923961064
50,4655,0.594842994578579
50,899,0.9890454186150903
500,1732,0.528259447228151
500,2283,0.5781673741412411
500,5044,0.6305864527069538
500,5081,0.5069210115976382
500,5116,0.5208865759051013
500,5135,0.6253784638921367
500,5607,0.8835836397400484
500,898,0.6001249720725703
501,2654,0.9966886617328333
502,1134,0.5260472011542451
502,3516,0.5004844238660824
502,4759,0.5205300070510505
502,5618,0.9926805057717935
503,5406,0.6328209833912962
503,5408,0.7631854849144583
503,5695,0.6603006312989625
504,4856,0.9388896288631111
505,5822,0.9901009866987968
506,2035,0.9986284740501921
506,5875,0.6216494609454639
507,296,0.8702739848722382
508,1943,0.9934394656453008
509,1527,0.772058903148472
51,74,0.9913914236238687
511,1066,0.5179465260162377
511,1226,0.9338778759238998
511,1548,0.5117722882998894
511,2718,0.5491525107343744
511,4546,0.5639587899946534
511,4699,0.5035416032023873
511,5671,0.5789919607241809
512,2285,0.5438790956623544
512,4187,0.7240050997206403
513,134,0.6897976362953872
513,196,0.5392511420428874
514,1732,0.5858099000913433
514,2283,0.9909738136127946
514,2744,0.5496224580305049
514,3530,0.512732919883731
514,3610,0.5561186488421191
514,4449,0.5571082568109562
514,5044,0.7987278440103412
514,5076,0.5292340378774909
514,5081,0.6121621467939833
514,5116,0.5249591800019993
514,5135,0.7258356063805002
514,5607,0.5530928679234969
514,898,0.7128115722874467
514,906,0.518476966858513
515,4573,0.9925229017488973
516,1719,0.9882163515222534
516,2535,0.5549753052232228
516,2760,0.5375981028316353
516,3305,0.5252053006322589
516,3729,0.5038011943551206
516,627,0.5137850159611985
517,2189,0.5377971402890896
517,4766,0.69240133031337
518,581,0.9344899740468608
519,582,0.7935288589961866
519,903,0.7501762213285006
52,1087,0.6321092953475679
52,1365,0.5395696441127645
52,15,0.7198664744241894
52,1525,0.9987234189377462
52,1760,0.5698482627582495
52,1901,0.5838732119926089
52,2131,0.6293049641751891
52,2278,0.7126713330608118
52,2872,0.502728343384654
52,3163,0.6678902873158169
52,3431,0.5574309508677733
52,4178,0.563821499918998
52,5114,0.5046071440731248
52,5137,0.6064033258581122
52,5163,0.5274492762979436
52,5316,0.6030888890354784
52,629,0.5571834463722711
52,830,0.5354397761113809
52,944,0.6266233258545411
520,5262,0.8015182371661549
520,5298,0.8870847910592184
521,5736,0.9422445371771504
522,1492,0.5567642052193759
522,2470,0.5180371376571077
522,2675,0.7680494692303289
522,3565,0.6278944779847515
522,3642,0.5208580768937472
522,3651,0.5193414206319821
522,3874,0.5642016333900427
522,3930,0.5082265044860308
522,4388,0.5064655916759283
522,446,0.608735122785
522,4566,0.9935078949438679
522,4646,0.7531067227947185
522,4786,0.6135813597285045
522,4861,0.5813940619888823
522,4894,0.6262362502802608
522,5754,0.5113846848413305
522,5799,0.7358132122185589
522,597,0.6076913654514982
522,614,0.549570659147989
522,695,0.5059536869884185
524,4008,0.5706715874751787
525,5226,0.5768515207544221
525,525,0.9724398384996854
526,982,0.8833953201342346
527,2542,0.9859875546994177
527,2674,0.5522731092097529
527,2804,0.7126076703866789
528,1825,0.9943511273114863
528,3197,0.6387475933450616
528,3590,0.8049521230021267
529,2965,0.6027196519880904
53,756,0.5260518518948084
53,86,0.5360861489801586
530,5014,0.6575371998248536
530,5141,0.9610280872350049
530,5368,0.6829526620584099
531,5580,0.7956436350923387
532,1333,0.7493883145420122
532,2350,0.61092784372631
532,3368,0.7202053526762764
532,3712,0.5090166250800546
532,3999,0.8138937152721982
532,5122,0.5311412178386461
532,515,0.6552166525027177
532,517,0.9959389817679412
532,5173,0.6848403031506881
532,5229,0.5921403176278418
532,5323,0.5960381386669114
533,4002,0.9059991607758998
534,4206,0.9946116454394652
535,111,0.9843271294779404
536,3171,0.8810747344694019
537,3308,0.743951106211448
537,3420,0.9551735509793414
538,1226,0.5172304556240415
538,1548,0.9203800011344873
538,1965,0.6408628511453979
538,4546,0.5588736315120258
538,5671,0.5857514770133103
539,1798,0.7532056391849113
539,3120,0.813084182688176
539,4395,0.9177599385602574
539,5022,0.6343786101313657
539,963,0.706904419321373
54,4007,0.8350363462682449
54,4024,0.6100658231179633
54,68,0.6974730458387519
540,5212,0.5106601663436421
540,5502,0.753949512776782
541,2930,0.9875078943146383
542,171,0.6704024075355232
542,741,0.5867422886676965
542,920,0.5184428115130991
543,1205,0.5141917276417891
543,2165,0.6474855250731214
543,2300,0.6925440608266747
543,2688,0.8421015164248654
543,2900,0.8236960743504674
543,3121,0.6616202169284325
543,3165,0.7290422883150417
543,3355,0.6569323474958221
543,3522,0.5331905847129179
543,3622,0.6494430621185425
543,5328,0.5669785081391604
543,5453,0.5175644052803821
543,762,0.9976051906755987
546,4930,0.9900433471875222
547,3965,0.9764572106005599
547,5690,0.5334012100903571
548,5423,0.9234947942065754
549,5422,0.9460656216017894
55,2434,0.9482387913447506
55,3070,0.5080493265632382
55,3381,0.6329689231157869
55,3779,0.540792331027887
55,3855,0.5205306285088079
55,3881,0.5656895847192887
55,4291,0.5461286955760026
55,4661,0.6383291851564368
55,4681,0.7757217827835067
55,4747,0.5309514732443041
550,4959,0.9860136961273293
551,4136,0.9536434913383759
551,5661,0.7315680175033911
552,1196,0.5262858445609928
552,2793,0.6365813845868555
552,3100,0.5587080721697736
552,345,0.9869672971172161
552,603,0.5352366247856032
553,3977,0.8442127189369442
553,5477,0.8397324740902447
554,3977,0.6951796175518543
554,5477,0.9791500218198653
555,3731,0.9209328380300422
556,3426,0.9208473273310755
557,2117,0.5834382225647333
557,4376,0.9911151962746211
557,5875,0.7343448334932356
559,2103,0.9712178896466548
56,5390,0.988009438271563
560,383,0.9481264005072975
561,5678,0.5862023154872333
563,1936,0.9802754006621375
564,1308,0.9918318053943851
565,1089,0.9593522050275493
565,1090,0.6516377970689002
565,1243,0.6168317876276314
565,1343,0.6359698602319771
565,1353,0.6419459969422053
565,2159,0.6282560617157795
565,2334,0.5905458198565445
565,2426,0.6147727698425479
565,2587,0.566034371695421
565,2592,0.8634514462955553
565,3568,0.5189228776565361
565,3690,0.5981566065937185
565,4159,0.5831541024592044
565,4186,0.5050603346542455
565,4828,0.7060221235733788
565,4833,0.5191803019656862
565,4973,0.6318806125525595
565,5031,0.5714523347121463
566,3325,0.9945421629376164
566,521,0.5094481176469202
567,2594,0.7052249005874686
567,442,0.8022512417894918
568,4801,0.8985013694424374
569,1011,0.9348774444818125
569,1165,0.5389839502186735
569,2231,0.5430420160969069
569,2265,0.5444302736756202
569,2486,0.5731842845264962
569,2784,0.5602161008753219
569,4899,0.5112176476867293
569,787,0.5150890930715447
57,1692,0.607035595969
57,4112,0.9943340498068595
571,5054,0.5440759639823382
572,1134,0.5127963514431403
572,241,0.5170579953066465
572,2412,0.5728438155392136
572,3858,0.5814284008310272
572,4760,0.5841535636708539
572,4810,0.7138451599767942
572,4841,0.6264057921222942
572,4898,0.5697110665800391
572,5131,0.6720182963253565
573,5117,0.9440431930800434
573,5266,0.73179427916031
574,3901,0.9292456527274802
575,3087,0.5229144336737549
575,5254,0.7875962369366949
576,5186,0.9651355922092874
577,2412,0.5550136444259353
577,3858,0.551550100394851
577,4760,0.5676969199093288
577,4810,0.6907466942964842
577,4841,0.6002970250579142
577,4898,0.5498492916034651
577,5131,0.6492153231148453
578,2046,0.8659374057554398
579,5192,0.9631710635501131
58,1013,0.7724409599138448
58,56,0.9412489445958047
58,57,0.9424518723980106
58,58,0.9601876101518125
58,59,0.9369861126138005
580,4400,0.9979576712460695
580,4711,0.5518789049589486
581,1004,0.8421972882758011
581,1349,0.8443790063477163
581,1785,0.6895697359250652
581,2254,0.7822672350712435
581,2360,0.539521769920283
581,3185,0.8063516987382238
581,445,0.9981309351837201
581,5038,0.8625217345088556
581,5371,0.7291691996338213
581,89,0.8347628030009963
582,3113,0.9889662551473488
583,2602,0.9882121444415373
584,151,0.9582354212269291
584,178,0.9653159039481541
584,423,0.927435117127811
584,52,0.907650650397583
585,1314,0.9904092756195997
585,1493,0.632469871265355
585,4324,0.559647677678027
586,530,0.9754383077794792
587,1041,0.9963610720608264
587,3490,0.5128789533779518
587,4965,0.5241454823461544
588,2453,0.9402696958311342
588,3512,0.5071536976565176
588,4211,0.527743158678273
589,3894,0.7597615491754787
59,5550,0.9134220911406122
59,5858,0.9831042037550435
590,5128,0.9904199614968165
592,4190,0.9502545046616996
594,5078,0.8934056273293437
595,4981,0.9728931751134364
596,132,0.6802766829078418
596,45,0.7381048389322283
597,2263,0.5466824011314033
597,2553,0.5447464106144708
597,4271,0.6740716611203614
597,4522,0.5696720829620937
597,5424,0.7354753427378953
598,1423,0.5611870281997255
599,3865,0.8114669877677619
60,1640,0.6731953318740117
60,4500,0.6321651075128734
600,2921,0.9619138269170898
601,749,0.6965014072144818
602,1653,0.9930046670014175
602,1905,0.5389134600854598
602,2366,0.531799108444153
602,2633,0.5382659719387369
602,2760,0.5586187893411145
602,2932,0.5299266116806178
602,3729,0.5936732207259072
602,3867,0.6160178771222535
602,627,0.5855182531552714
603,1517,0.8793276343499243
603,370,0.987075775173171
604,15,0.5245963054620758
604,2131,0.5771757844924174
604,477,0.9785601511107811
605,5435,0.9944313999499791
606,5767,0.871666713804058
607,1357,0.7848271511419855
607,4149,0.9303845751523246
607,562,0.6462431004217071
608,1084,0.9969992756950847
608,305,0.5870538071683373
609,2248,0.5065103725608799
609,2404,0.5649255212570152
609,3495,0.5256670217544495
61,5238,0.8638909963650218
611,2283,0.5142269210105794
611,2744,0.5346562062746097
611,3610,0.5005023371165314
611,4703,0.7351803200290683
611,5044,0.5294784597585983
611,5081,0.560559892141609
611,5135,0.5399795550726384
611,898,0.6325957849909774
612,946,0.7269414101299025
613,2187,0.9812090670552225
614,3146,0.5473184016304566
614,5152,0.6917098686385549
615,4289,0.977106247519477
616,15,0.5286729980636268
616,2131,0.6480176540967647
616,4178,0.8891024530873318
616,4659,0.5626712207707336
617,2031,0.594358238659937
617,2301,0.9649036951084782
618,4000,0.5164526122714277
618,4773,0.9939277730918433
619,146,0.9856159323012798
619,4221,0.9946648528317129
62,76,0.9772675884969977
620,5662,0.9692006800495765
621,1251,0.9819035123829827
621,5589,0.5271554204896399
622,2854,0.5945339332137396
623,4263,0.9337421158119482
624,4907,0.5398910074135692
624,5379,0.5169514657335397
625,1,0.6152929891274714
625,1555,0.5565322556114964
625,3666,0.6267078769413976
625,5443,0.6158836435314576
625,5857,0.9907505314833083
625,694,0.6145410087736972
626,2753,0.5443740689616953
626,4201,0.9429040349996343
627,897,0.7389708676300519
629,4453,0.7295177234679147
63,4424,0.9756783247452873
63,898,0.5647058549400487
630,4454,0.806192597227669
631,1814,0.511398667260208
632,4693,0.9870061344864663
634,1917,0.6555310039150044
634,214,0.6951304556693922
634,871,0.9397184656691848
634,872,0.6782652225971655
634,873,0.6510817059755367
635,1917,0.5993076416330574
635,214,0.6400357173460406
635,871,0.6336017888270878
635,872,0.621946778648347
635,873,0.9853797980795164
636,4453,0.5621418879144927
636,4457,0.6399683136995283
637,3944,0.5525734882462916
637,4619,0.7218095225230751
639,4299,0.7351970700916651
64,5536,0.9809539659509534
64,5538,0.6513029051634778
640,4691,0.7855890570491267
641,2714,0.546929330174776
641,4719,0.6038650189636334
641,4721,0.7986164644292737
641,5806,0.654188024719802
642,2974,0.9453732332174521
642,3775,0.5308831351142368
642,4344,0.572041376847382
643,4151,0.9658288056865257
644,2714,0.5707263133386373
644,2945,0.7428561694742388
644,4719,0.9196277190197014
644,4721,0.6855337880494183
644,5806,0.9114483287750933
645,4815,0.9199871941433028
646,2197,0.502397109604752
646,2555,0.9909268478480542
647,2660,0.680121916070264
647,4080,0.5165237513187008
647,4181,0.6643537125730942
648,4080,0.9189494896344307
649,1330,0.6807343204424078
649,1716,0.6156211288339517
649,1872,0.5125619395017948
649,1946,0.5430494018623121
649,2881,0.5411072009495043
649,3047,0.9352105102831397
649,3892,0.5286894209342926
649,4582,0.6875268502849048
649,4622,0.6687245763056795
649,4984,0.5334541639975705
65,2434,0.9575331289043735
65,3070,0.5097264868786322
65,3381,0.6372158815072553
65,3779,0.542578773119416
65,3855,0.5265883492792366
65,3881,0.567557089269075
65,4291,0.5479331900737682
65,4661,0.6424730055078578
65,4681,0.778794729074141
65,4747,0.53270513680616
650,1779,0.8682098711755548
652,3872,0.7142417463360793
653,1211,0.9291693258014784
654,4938,0.554518229436334
655,2649,0.9442817014400752
656,1312,0.9289655854415808
656,983,0.9943171967905204
657,4911,0.9030083935601717
658,1824,0.8847445589655559
659,4256,0.5210152247558061
659,4866,0.9809065304341043
66,2399,0.6240658898204134
66,2440,0.9912185144151908
66,2475,0.9781620355239327
66,2818,0.5078282381783079
66,3070,0.500677970143171
66,3103,0.7124555007910558
66,3159,0.5841624505374828
66,3195,0.5831301461245242
66,3361,0.5022921242170998
66,3756,0.6533968975446846
66,3881,0.5304366841576242
66,3920,0.5031487831759254
66,4291,0.5515333407832795
661,887,0.7479346982207082
662,792,0.9683569825940473
663,1787,0.7051822329131641
664,1917,0.6582849292302783
664,214,0.6784039221050269
664,871,0.8205277691242023
664,872,0.676357626958649
664,873,0.6182347506439371
665,4701,0.6259451614062804
665,610,0.9536710066635012
665,611,0.7431322092738187
666,4349,0.5080260627188926
666,5814,0.8900073628424434
667,5762,0.8981756530775251
668,642,0.9075939363358231
669,5080,0.8202447645072177
67,393,0.5053985011253116
67,5536,0.6546150019140516
67,5538,0.9652276194498502
670,2123,0.9017841576874959
671,4041,0.9780221792703548
672,4780,0.8679236696863211
673,308,0.5631517866503243
673,325,0.647721818542167
673,3887,0.9623460702613889
673,4043,0.8977086978407274
673,522,0.5249249930516572
674,2066,0.9786774999134281
675,4095,0.9543578159186796
675,4096,0.8999078395191268
675,569,0.9641334357485759
675,570,0.8717199283800902
676,1200,0.5667452837388808
676,676,0.9966702926077092
677,4095,0.8919042760747361
677,4096,0.9638099965804862
677,569,0.9010401756106688
677,570,0.9331214347582548
678,5303,0.948645520029785
679,3638,0.9209483349248098
68,2370,0.6129137881716513
68,2585,0.9605989822143077
680,3486,0.5162765845301758
680,3636,0.9594403957872508
681,2139,0.9817924428525356
682,1215,0.5360457065574217
682,2259,0.5086434087075757
683,132,0.6119499436016655
683,1993,0.7695899874906884
683,45,0.5096985324429678
684,1278,0.9817448712053956
685,1077,0.8727000636639507
685,3211,0.8850300282470701
686,2274,0.9767979430409549
686,5405,0.5659461760772263
688,150,0.5189847878384056
688,398,0.8813843847462457
689,3035,0.9707169727180712
69,60,0.6218678890748064
690,5801,0.8657484608174901
691,3306,0.5126321765791715
691,3750,0.9943446173173615
692,807,0.688341851149907
693,1004,0.776532158599524
693,1349,0.8309532679875291
693,1785,0.7091815529024508
693,2254,0.817794252644161
693,3185,0.7541547836293659
693,445,0.8106820322628541
693,5038,0.8665641728990147
693,5371,0.5940396991831411
693,89,0.8535177577226201
694,5707,0.632764710307183
694,5710,0.7517693597069477
694,5746,0.5958392047879936
694,5804,0.9733519294923976
695,1526,0.5076425256132578
695,1895,0.5643786969569089
695,818,0.96924072394468
696,800,0.905852284262325
697,39,0.5269243399443033
697,5052,0.5131871460065035
697,5454,0.7809020734862695
697,5886,0.9934605748292052
699,1847,0.9650492434191279
699,1852,0.9675994089287059
7,217,0.5600121886599436
7,3279,0.5314519912112176
7,346,0.5946671294718892
7,3471,0.566774977938546
7,3932,0.9960819519121752
7,61,0.5852805487757514
7,7,0.9988588140682906
70,2231,0.5494257762863871
70,2784,0.5341137912524789
70,4899,0.5504882466099921
70,70,0.997554211355808
700,1698,0.9766861790836726
700,173,0.531176974802904
701,2006,0.746647463693385
702,4349,0.5150536159073574
702,5814,0.9023328630770471
703,1461,0.6099177836791891
704,1462,0.9867813298683086
704,1469,0.6066266180010388
704,1482,0.7107185264853496
704,4849,0.7717042850682831
704,550,0.8071862269759021
704,796,0.7374781051913204
706,1695,0.9038128870650646
707,4301,0.9704496210461976
709,2565,0.5067278641829019
71,62,0.9656839006985694
710,3202,0.9625591292207377
711,5697,0.9923361012415186
712,1314,0.6346121351088407
712,1493,0.995997984624087
712,4324,0.5838698717494196
713,1674,0.5730581392983626
713,556,0.6417956618508066
714,465,0.9249108635953343
714,4673,0.6730896119005664
715,598,0.9697913278907916
716,1984,0.5675562677378041
716,3295,0.5247935006089208
716,3404,0.8538092229085681
716,3680,0.5397222875815801
716,5145,0.9779296514194357
716,80,0.6484285565834326
717,5343,0.8629153505017993
718,2184,0.5754045378744463
718,2195,0.5119351165122265
718,2237,0.5940019811554968
718,3122,0.5856830172200265
718,3873,0.9961805662025188
718,5168,0.6506806703086739
719,4803,0.9618511512515892
72,1007,0.6036657257717145
72,4108,0.9844091017617819
720,4802,0.963203002066253
721,3551,0.5062637009542992
721,721,0.9909413363669278
722,2579,0.9675131144026133
722,2879,0.8867630001702164
723,558,0.8626839718562602
724,4406,0.8468771300196306
725,782,0.7367466366470098
726,5800,0.8470245709577351
727,2000,0.8452453051078408
729,3749,0.9444044591645142
729,3975,0.6099765595307157
73,5540,0.9875759201754958
730,3816,0.9668921772038513
730,603,0.5050155068058796
731,2910,0.5129355247952996
731,3717,0.633400297851986
731,401,0.9338430713572794
731,4574,0.6209924407741837
731,4783,0.655141206378762
732,2119,0.9125280237601952
733,4006,0.8947287076733622
734,2844,0.9708091349456537
735,1917,0.8611465970610261
735,214,0.9895912710465045
735,871,0.7023855462970261
735,872,0.9448352516879482
735,873,0.6624813351173983
736,209,0.992898603647336
737,213,0.996614280423579
738,215,0.978890861729159
739,212,0.9356033708290051
74,5535,0.9918377549304701
740,407,0.9931207060993114
741,216,0.9933718087021082
742,5524,0.9933951401329534
742,728,0.502071172495026
743,2201,0.5814692291051118
745,5460,0.9910544266737561
747,4391,0.9976296621406241
748,5784,0.9242999987014695
749,1539,0.5223780174871581
749,1544,0.5326236295621852
749,5449,0.9932661348796267
75,223,0.73012054684509
75,2490,0.9667495124254761
75,2756,0.6258845286796254
75,2758,0.6859050710937579
75,278,0.7298756798963113
75,2978,0.6286248090550552
75,337,0.6379535498947496
750,1618,0.5399984264095348
750,3497,0.614121197808882
750,5258,0.6539286480114138
750,5509,0.5540800755901918
751,5752,0.9356103787857781
752,138,0.8864610978541735
753,3708,0.5611869347905357
753,5312,0.9722041424078446
753,5337,0.5084311250387582
754,2658,0.9951989479373561
755,2089,0.9433947741837572
755,4008,0.5861598028844355
756,4092,0.829504116860607
757,1771,0.9845267298007105
757,673,0.7422325681451635
757,893,0.5536128896521223
758,2655,0.7334279748322243
759,2656,0.9968477363069204
76,4110,0.9886932934135796
760,2984,0.9611026611272715
761,1025,0.5717624950635256
761,1348,0.7019948672984578
761,1411,0.6636931275843156
761,5164,0.5593281151209721
761,995,0.6891903749420256
762,3046,0.7436338258098649
762,4128,0.7852757908634462
762,4244,0.6384188929744509
763,1134,0.6028852305519538
763,3056,0.64147887355464
763,3493,0.537816240309311
763,3516,0.6639660582451067
763,3743,0.5243886652886715
763,385,0.5053677831050812
763,3858,0.5271355217806045
763,3958,0.5167749825870327
763,4234,0.517794012046675
763,4759,0.9509637131101443
763,4810,0.5023437265949149
763,5022,0.5413555990029684
763,5059,0.624791691059175
763,5131,0.5580416718344693
763,5618,0.5143033752803182
764,3467,0.9873282822378039
764,3830,0.5800185821070621
765,3948,0.517459110795188
765,4212,0.9361423879623549
765,4940,0.7525169498553221
766,5758,0.9200797523058906
767,1918,0.7434550906538387
767,494,0.7131843614611182
768,895,0.9957734004711233
769,2443,0.6696282761878255
769,4775,0.9036049607581351
77,4990,0.776336380444662
770,2296,0.7632549618999815
770,2378,0.9962122007540655
770,4826,0.5002194761268041
770,5,0.5782132981817814
770,5611,0.5072815673158118
771,5808,0.9945837137962713
772,5312,0.5428667372841072
772,5337,0.9932199925185659
774,69,0.899254460568084
775,713,0.6049754605312657
776,3776,0.9793710353386079
777,5724,0.7496136327900446
778,467,0.9746854671115046
779,907,0.9731806234552859
78,3888,0.9553818381892771
780,2716,0.9477326150148939
780,5178,0.5121143037199657
781,4736,0.5574885107044829
781,474,0.9734351093028123
782,1478,0.5422252968808962
782,729,0.6634871316566743
782,773,0.721977733549597
782,900,0.8232894665074127
784,2459,0.7793966978280586
785,1555,0.6284129387181018
785,3793,0.635431240793412
785,4679,0.7453041086687181
785,4985,0.7085021921669652
785,5278,0.583739448076853
785,5338,0.9931648564510137
785,694,0.5542957995824952
787,5588,0.8272140340091935
788,2862,0.8235417114998619
789,4701,0.9765966478677506
789,610,0.5755219230780053
789,611,0.8612841717837019
79,5890,0.9763333917180937
790,4475,0.9859933406235284
790,5854,0.9126524437621181
791,1730,0.7484898476053957
791,210,0.5271131153016889
791,4048,0.5649660934607296
791,4065,0.7819123478194981
791,4952,0.9780545808428905
792,1021,0.6735982949311391
792,4423,0.9227580707276017
793,1188,0.5754137688629697
793,4577,0.967363547694508
794,1089,0.5330522389773948
794,1090,0.559782732266382
794,2334,0.5176596833937579
794,2592,0.5415299347809619
794,4828,0.5868887660632008
794,4973,0.5474055726037454
794,5031,0.5488963816706411
794,5704,0.744942640258146
795,1484,0.989101452774709
796,135,0.5188639210584606
796,1540,0.9771771274713574
796,4266,0.9760445820441419
798,1262,0.5977864004140274
798,2868,0.5647346578953516
798,5876,0.9542073907061743
798,637,0.5136889794701963
799,3022,0.5033203408672582
799,4736,0.9526408694254782
799,474,0.5880911760270511
799,4886,0.516843003584744
80,84,0.9962946480954915
800,4616,0.8437440573384762
802,171,0.5809195742780142
802,741,0.9846375358223804
802,921,0.6474090960118036
803,3471,0.5890606641126366
803,3601,0.7397681667473465
803,732,0.9926668348622695
804,4418,0.9906236767097033
805,4342,0.9736318878151303
805,4367,0.564443689611684
807,3440,0.9537282118480217
808,2082,0.9621078881351643
809,682,0.9876273388985787
81,64,0.9913789425434311
810,1446,0.5286800899996679
810,2616,0.6286232905654567
810,2687,0.939628212014264
810,4412,0.9983346659990804
812,1066,0.5054655668495419
812,1226,0.5946063611721207
812,1548,0.6001100863215736
812,2718,0.51920013335518
812,279,0.5041712027624659
812,409,0.8754479000097483
812,4546,0.6751415558229213
812,5671,0.6931597356493916
813,3988,0.9341344210313336
815,2328,0.9670185562098973
816,1091,0.8290588006231487
818,2305,0.9916150702679649
818,2828,0.5303601602864437
819,1262,0.5855058083142514
819,2868,0.5545881550683728
819,637,0.5472811613014313
82,3488,0.5979303405888203
82,3575,0.9674567782566251
820,1276,0.9741749497070801
821,5125,0.9966614269487541
822,5460,0.6242411512610574
823,1089,0.7166999355893824
823,1090,0.6086080343290993
823,1243,0.5445234039884478
823,1343,0.5420733287361998
823,1353,0.6667840242258823
823,2159,0.5809743441645955
823,2334,0.5889009723961229
823,2426,0.9837392570792867
823,2587,0.6075452818011098
823,2592,0.6749698026644706
823,3243,0.5538025135918981
823,3690,0.5192131141970271
823,4159,0.5333019807301232
823,4828,0.6130238843499429
823,4833,0.6477935341152702
823,4973,0.5975204267516334
823,5031,0.6279625676071401
823,5812,0.5360091400599812
824,2529,0.5731631317686574
824,3569,0.6619193065378314
824,3829,0.9255265465955803
824,683,0.6785365115801351
825,938,0.5280506603611147
826,1615,0.9480297569072034
826,4574,0.5066593341278207
827,1315,0.9661662632583343
828,2313,0.5048358913551972
829,3532,0.6801716844017471
829,5324,0.9973038168336865
830,2647,0.5338400987530973
830,3282,0.8495866617158124
831,1089,0.5726260402973575
831,1343,0.528279756831291
831,1353,0.5264656435276275
831,2592,0.6124524777837413
831,3690,0.5924199129637768
831,4828,0.5989070505865475
831,5217,0.9934303541695413
832,4150,0.9561510735502715
833,536,0.9952649209515726
834,2933,0.818762461480072
835,4016,0.9437171395189791
836,36,0.9653776968281315
837,2376,0.9946632361620612
838,776,0.7655615878028741
839,715,0.968458576829575
84,66,0.9786701486739884
840,1089,0.5906255155678023
840,1090,0.5690311698295307
840,1243,0.5539966457597741
840,1343,0.6264416886619183
840,1353,0.580734473652808
840,2159,0.5610312762862698
840,2587,0.5745370967195345
840,2592,0.6437047432404506
840,3690,0.9860466267409411
840,4161,0.5514249951439755
840,4828,0.6743062259892412
840,4833,0.5538967798775192
840,4973,0.5201748899236849
840,5217,0.5080290069223691
841,1292,0.9856019612816987
842,1015,0.9780298648437261
844,4689,0.991350104135463
845,3022,0.5286169501434039
845,4736,0.5192312562604287
845,474,0.523975370967451
845,4886,0.9924700065842055
846,1652,0.9515594270676171
846,1755,0.5236902585374601
847,3433,0.9931377333949677
848,1334,0.5432202887134866
848,1514,0.572980671722894
848,1736,0.620022998322056
848,2172,0.6714146184066198
848,2173,0.7451175811836694
848,4269,0.9984324675604731
848,768,0.7088993323099027
849,5650,0.9829102207072801
85,2952,0.5373909442039133
85,3696,0.6020805489879684
850,1875,0.9848623263653367
850,4509,0.8251897083286647
853,5295,0.8850936903094611
854,1222,0.9782236072673366
855,4365,0.8572467839955811
855,5509,0.5210369059747865
856,1187,0.5269787135921503
856,145,0.5950759560608981
856,1799,0.7255559049946958
856,2276,0.9045963079389708
856,2491,0.5114292304941719
856,2552,0.6170619982659008
856,2808,0.6083718684020778
856,433,0.7660934466864201
856,4685,0.5439056782376464
856,5205,0.7273667758335828
856,5311,0.5581470382325132
856,5437,0.5573182369049797
856,560,0.6858589249226056
856,5691,0.5510073693204535
856,696,0.7142727558176973
858,2517,0.60751879266213
858,2702,0.5447953574629985
858,2706,0.9981217523648828
858,2920,0.5692734460357114
859,1087,0.5112399649986888
859,2392,0.9139145940023862
86,133,0.8910011031276426
860,3446,0.9472450945511125
861,2217,0.9489517200212018
861,2609,0.5165814524105846
861,4660,0.5863834632213811
861,4923,0.5259970813812902
861,5016,0.5898389141576578
861,933,0.5507102509986262
862,5586,0.9530444008449038
863,5213,0.9245249891302032
864,2364,0.5095547688887292
864,312,0.829391615452417
865,1733,0.9660915292032428
866,2511,0.524689817536374
866,4286,0.5551488915469663
867,2312,0.9539500252869839
867,3967,0.5668526995412567
867,4083,0.659075397693152
868,1971,0.6022252538947006
868,4101,0.6049498849606163
868,4682,0.9659265482788615
869,4567,0.8345765255052465
87,63,0.9884538183134072
870,5305,0.7503198613667368
871,3688,0.764846124522073
872,2190,0.9957456347088939
872,2991,0.5116549915879518
873,1616,0.5621218696688275
873,2126,0.8845623671140158
873,3820,0.6073480552335729
874,2495,0.9796719751469531
875,1108,0.8140358097228675
875,2872,0.5078782549916901
875,3753,0.7227213521892277
875,3846,0.6145297804510234
875,4303,0.5126024281054877
875,441,0.5792982246754653
875,548,0.5100231334409636
875,583,0.568150896808098
876,5232,0.9496934623667536
877,4279,0.9947411248284658
878,1108,0.6439295207412649
878,1322,0.5883829311034
878,1536,0.6080222838412176
878,2220,0.5172648024879472
878,2872,0.7236644013180464
878,3753,0.5831007018570399
878,3846,0.9801489303373676
878,4303,0.746114698909944
878,441,0.6967311111722871
878,4882,0.5035903989053239
878,5114,0.5446227012028344
878,5261,0.5215210188269287
878,547,0.5107019379183447
878,548,0.5508436620393948
878,583,0.548361191959905
878,830,0.5154561960669616
88,67,0.8992094553284288
880,120,0.5114902609946842
880,3428,0.5349270597105914
880,3537,0.5179249070876033
880,4438,0.8981370438986624
881,5417,0.8250681108577627
882,2702,0.9911413479987817
882,2706,0.5117960068108224
883,1108,0.724343409335951
883,2872,0.5437069107956894
883,3182,0.5452926420516959
883,3753,0.9653470810061031
883,3846,0.5840892503575158
883,4057,0.5761251270568197
883,4303,0.5356401003358939
883,548,0.5966075536176865
883,583,0.6902735859488798
885,3899,0.988840354509459
887,1331,0.6085201874167129
887,5556,0.9772185958456475
888,2266,0.9773234072028008
889,4292,0.9059010249291047
89,6,0.9803786875586651
890,1810,0.6267829245452868
890,187,0.7219686912687521
890,2057,0.6714766976938892
890,2294,0.5680676969744864
890,277,0.5822708827628711
890,3226,0.6228371812132982
890,3572,0.7696519661053085
890,4222,0.7955489786438292
890,4686,0.6070534631758719
890,5139,0.9437368688967869
890,945,0.5459999015253612
893,1905,0.5739473579903294
893,2366,0.5985976861131728
893,2633,0.5371407622279692
893,2760,0.5746937931722765
893,2866,0.9915002791895948
893,2932,0.5327258082512465
893,3729,0.5967929811682607
893,3867,0.543436729225442
893,627,0.5907237448920984
894,712,0.8699853650154625
895,2287,0.9972704406643284
896,2937,0.5434535010111743
896,4854,0.9004837446021737
897,935,0.9682426670519131
898,2202,0.8512874716643045
898,3760,0.5098747955873956
898,5775,0.6478130385706586
9,2024,0.7065110161994833
9,2605,0.5254449467603404
9,2639,0.7253959998597033
9,3309,0.9987405383401927
9,3540,0.6397517861279002
9,4287,0.5490263263271453
9,5360,0.5330352162445803
9,845,0.536517209210272
90,1134,0.5328680236721043
90,241,0.5007900388744094
90,4810,0.5132835393475583
90,4841,0.590024242392642
90,5131,0.538993163621083
90,806,0.7340210714757448
900,1348,0.5249478323828143
900,382,0.6217737293040724
900,4988,0.6023152163117048
901,5628,0.9315013157719766
902,2116,0.9803635026503494
902,2320,0.6157086140160238
902,5287,0.5495799742145829
902,5365,0.5224342050372324
903,3795,0.6761456317271841
903,3811,0.8439049158269013
904,3075,0.9920097704815894
905,2202,0.9878872347282969
905,5775,0.6138334859453488
906,2126,0.5313284540272343
906,4066,0.8989995858736586
907,5648,0.9674333396805841
908,1411,0.6047267558503682
909,5805,0.9370337585163675
91,1598,0.9759836181615102
911,1745,0.8010229188112151
911,1775,0.8860453594907924
911,2946,0.5083339698914903
912,526,0.990967090345894
913,1699,0.9751133278229331
913,584,0.7729033934651944
915,4999,0.8583230290497833
916,2355,0.6139701750281468
917,917,0.9979696041409475
918,1502,0.9450821120859729
918,3546,0.5056269520677829
918,3824,0.5188519683093911
918,3885,0.6617341363599395
918,3936,0.5170137813255525
918,4970,0.5451919323222951
919,5364,0.988722610269516
92,108,0.8671833344175001
92,167,0.9217795687731046
920,3382,0.7615766737484158
921,3722,0.9810159165643715
923,2541,0.5327264356463083
923,2959,0.904229795651045
923,578,0.9894996063295942
924,448,0.8008277085337528
925,145,0.6538706550266702
925,1683,0.5837518857098207
925,1799,0.5569643975737069
925,2276,0.6067821991627693
925,2552,0.5465697270512342
925,2808,0.6295026867302722
925,3411,0.5879163523070987
925,433,0.7633542895876367
925,5205,0.8117634401041874
925,5311,0.5111246921525965
925,560,0.5281783994652999
925,5691,0.5206928155219072
925,696,0.7301375759141367
926,3647,0.9232193102025318
927,1893,0.9953483137100034
928,523,0.5707546851681877
929,4014,0.9351886210307031
929,440,0.5535900360503628
93,5241,0.9469773277732225
930,1514,0.6277078850952996
930,1736,0.9778675458092778
930,2173,0.5320619980170469
930,3433,0.5175698533413609
930,4269,0.5825984722437108
931,3742,0.7735055397612495
932,1286,0.9800545112398609
932,5849,0.6875941628609018
934,223,0.6353717002703521
934,2490,0.6214939037643108
934,2756,0.9667565192886625
934,2758,0.6232707836507595
934,278,0.6354044333600626
934,2978,0.5625679261259902
934,337,0.5718351652075675
935,3040,0.5434863508639972
935,3825,0.6480237130009271
935,5101,0.9881201887672266
935,5624,0.8319812987623418
935,974,0.7833794509035796
936,5546,0.9921880449744723
937,551,0.9975740464387851
937,5590,0.5474610800901495
938,2734,0.9969816036659332
938,3717,0.5683334133236947
939,2880,0.8847545443232896
939,4373,0.5408950221374857
94,96,0.9448776283660884
940,4396,0.5068547208339516
940,940,0.9743554778775507
941,1134,0.5419474684132933
941,4841,0.5139976670610426
941,5131,0.5563629477505303
942,3184,0.6576946110632119
942,5126,0.9854444882952861
942,559,0.922328603338316
943,5102,0.7477891326982034
944,5117,0.7512074915184513
944,5266,0.8720357909701735
945,1972,0.9145877691263251
946,3634,0.8778076132218419
947,3315,0.6973745024304765
947,968,0.9126455728344326
948,325,0.5764587479818106
948,372,0.536881383921286
948,3887,0.5343828317994247
948,4043,0.523882436403254
948,522,0.8933396647936449
949,865,0.9976504176340615
95,5133,0.9877354626339143
950,5755,0.6180698760049865
951,2403,0.861303441838342
951,2409,0.94997800421133
951,2829,0.6662003876432873
951,289,0.5978720334960922
952,3531,0.5551589903316415
952,473,0.5201939080724094
952,5373,0.9655634567424677
953,5339,0.553560012142778
953,5587,0.5496752744346701
953,5845,0.9772954282912701
955,5190,0.5179932512984035
956,3923,0.5056159489337559
956,4573,0.5722361978138429
957,2779,0.9620981783270929
957,3770,0.9744595311352048
957,4533,0.5785528116712814
957,5630,0.5070596038408356
959,2326,0.9349817239791861
959,5282,0.5797180530715499
96,4451,0.9808673771867322
961,4429,0.766637524040704
962,15,0.5011584805258943
962,2131,0.571208427607212
962,714,0.9961953063837564
963,2467,0.880391345384528
963,2970,0.6167975528943339
963,5060,0.997879808294994
964,2116,0.5120782918958423
964,3791,0.5721161526781078
964,4600,0.5524385064231443
964,5257,0.5211517634737209
964,5365,0.9660475587428193
965,5214,0.6194251800940934
966,2653,0.9935350016016983
968,5317,0.8803910645608077
969,543,0.7354028415055711
97,100,0.997167240426069
97,101,0.545984110096382
97,4917,0.5816233109968457
97,5133,0.5037692666133539
970,2637,0.8976287521445355
971,5750,0.9752770523437488
972,4754,0.9940745484544121
973,1795,0.763143592453155
974,3492,0.7336704769189347
975,1552,0.9879994441817254
975,4777,0.7374801763095521
977,5227,0.941096342121219
978,1020,0.9559535081599847
98,5132,0.8830494789337169
980,3464,0.538292735798604
980,5609,0.9986130523345752
981,1219,0.6368979270391053
981,3099,0.7829870601193993
981,3197,0.5467477680996696
981,4465,0.6406137880413195
981,4737,0.6085363945633415
981,4742,0.7144260453582048
981,799,0.6449151027027817
982,1028,0.9066138604135738
982,941,0.9067821755493468
983,2730,0.6814226196762363
984,5086,0.9366014675452929
985,1563,0.9977126712690311
986,2959,0.7925028550096057
986,578,0.7651888863122891
987,2013,0.8099321988662794
988,3090,0.7884459420286842
988,5515,0.9884644464004537
988,861,0.8812676710610072
989,2572,0.657345609159331
989,688,0.551032360849521
989,719,0.9378410940294212
99,344,0.6258496092217021
99,743,0.6120140080425784
99,911,0.6441796547824666
99,99,0.9976708317897888
990,2288,0.9577707876717044
991,1889,0.9967508873004237
991,4688,0.5148798063061706
992,5351,0.921517810393667
993,3330,0.8363162509303955
994,1645,0.9951456503484649
995,2185,0.8995033515006868
996,1187,0.9902982949792466
996,145,0.5584394113086887
996,1630,0.5415249980821389
996,2552,0.6057172608721547
996,2808,0.5206617069113446
996,4685,0.5565272468189084
997,2516,0.511052611397946
997,5473,0.7111514149258887
997,997,0.9855993974635421
998,3488,0.9911236549810778
998,3575,0.6508442056003344
